order_id,user_id,order_date,amount,status
10001,265,2025-09-10,1366.93,completed
10002,131,2025-07-14,974.39,returned
10003,115,2025-12-31,362.36,completed
10004,162,2025-10-09,1103.99,completed
10005,299,2025-01-07,507.55,completed
10006,122,2025-05-19,325.68,completed
10007,458,2025-04-16,1206.9,returned
10008,240,2025-08-03,1543.05,cancelled
10009,432,2025-04-07,1585.55,completed
10010,342,2025-12-19,1631.12,returned
10011,167,2025-04-20,-100.0,completed
10012,115,2025-07-10,422.96,completed
10013,372,2025-02-14,4365.4,completed
10014,166,2025-11-29,526.87,completed
10015,124,2025-11-29,1681.75,completed
10016,466,2025-10-17,678.0,completed
10017,242,2025-05-09,1159.53,completed
10018,25,2025-01-22,703.96,returned
10019,248,2025-09-17,1624.7,returned
10020,231,2025-06-06,1206.82,completed
10021,432,2025-12-28,801.27,completed
10022,356,2025-09-12,525.78,completed
10023,96,2025-07-16,1322.72,completed
10024,76,2025-12-27,469.23,completed
10025,302,2025-10-20,1479.17,completed
10026,24,2025-06-17,,completed
10027,160,2025-01-07,2821.77,completed
10028,70,2025-02-03,1813.19,completed
10029,11,2025-06-11,1032.85,completed
10030,460,2025-07-25,282.27,cancelled
10031,45,2025-01-12,434.59,completed
10032,5,2025-02-16,2691.77,completed
10033,467,2025-09-15,630.91,completed
10034,95,2025-10-02,672.18,completed
10035,409,2025-01-11,976.57,completed
10036,16,2025-07-05,521.43,completed
10037,77,2025-01-30,464.64,completed
10038,56,2025-09-22,1058.56,completed
10039,354,2025-11-01,587.53,completed
10040,311,2025-11-14,652.81,completed
10041,238,2025-08-07,634.71,completed
10042,121,2025-08-18,1580.75,completed
10043,45,2025-12-05,932.17,completed
10044,285,2025-08-12,967.78,completed
10045,116,2025-06-12,1665.47,completed
10046,296,2025-10-03,992.84,completed
10047,344,2025-08-04,902.55,completed
10048,425,2025-11-04,1524.34,completed
10049,247,2025-07-11,1750.64,completed
10050,3,2025-11-14,989.35,completed
10051,141,2025-01-17,1160.29,completed
10052,427,2025-01-14,634.44,cancelled
10053,267,2025-02-06,600.36,returned
10054,310,2025-07-23,1878.83,returned
10055,229,2025-09-16,1497.36,completed
10056,82,2025-03-20,1508.26,completed
10057,449,2025-02-26,1334.88,completed
10058,387,2025-11-11,1132.68,completed
10059,498,2025-10-01,1785.56,completed
10060,428,2025-08-25,2110.28,completed
10061,146,2025-06-28,2075.3,completed
10062,128,2025-06-03,1021.94,completed
10063,125,2025-01-08,2895.45,completed
10064,460,2025-03-10,1286.81,completed
10065,279,2025-11-24,1707.29,cancelled
10066,228,2025-05-04,1336.03,completed
10067,485,2025-09-15,1303.63,completed
10068,302,2025-09-14,655.22,returned
10069,455,2025-04-23,1791.75,completed
10070,493,2025-03-16,8036.16,completed
10071,40,2025-09-10,843.57,completed
10072,181,2025-02-04,1152.51,completed
10073,368,2025-06-30,802.44,completed
10074,407,2025-11-21,779.29,cancelled
10075,75,2025-09-17,3232.83,completed
10076,160,2025-10-06,684.66,cancelled
10077,275,2025-01-31,786.93,returned
10078,400,2025-03-14,360.96,completed
10079,57,2025-04-11,645.27,completed
10080,301,2025-04-17,331.66,completed
10081,149,2025-03-12,1706.61,completed
10082,109,2025-12-21,7783.71,completed
10083,258,2025-03-02,848.38,completed
10084,208,2025-09-16,341.47,cancelled
10085,318,2025-08-03,2059.05,completed
10086,159,2025-08-11,659.28,completed
10087,412,2025-03-20,2723.15,completed
10088,40,2025-04-23,900.17,completed
10089,431,2025-08-10,704.67,completed
10090,15,2025-04-20,968.19,cancelled
10091,368,2025-09-11,1863.93,completed
10092,174,2025-01-15,935.24,completed
10093,192,2025-01-27,774.56,completed
10094,10,2025-09-23,954.15,completed
10095,352,2025-08-14,450.2,completed
10096,83,2025-01-16,1447.98,cancelled
10097,330,2025-11-25,313.97,completed
10098,363,2025-01-02,803.61,returned
10099,423,2025-12-15,1866.03,completed
10100,355,2025-09-24,1355.78,completed
10101,9999,2025-12-27,1657.76,completed
10102,370,2025-12-13,1047.82,completed
10103,413,2025-04-25,2486.97,completed
10104,159,2025-10-04,2094.96,completed
10105,63,2025-03-18,1498.62,cancelled
10106,446,2025-06-22,2099.14,completed
10107,74,2025-03-29,1854.36,completed
10108,297,2025-06-27,806.24,completed
10109,119,2025-11-15,428.06,completed
10110,64,2025-06-09,1471.82,completed
10111,389,2025-02-03,1607.22,completed
10112,72,2025-04-29,2352.73,completed
10113,336,2025-10-15,569.4,completed
10114,347,2025-07-10,581.43,completed
10115,31,2025-07-24,1513.12,completed
10116,87,2025-06-07,1043.34,completed
10117,398,2025-04-17,292.94,completed
10118,254,2025-08-07,1425.92,cancelled
10119,61,2025-08-20,299.86,completed
10120,496,2025-11-24,565.85,returned
10121,133,2025-08-14,2824.76,completed
10122,3,2025-12-30,3934.01,completed
10123,463,2025-10-29,468.27,completed
10124,9,2025-01-29,870.81,completed
10125,277,2025-05-24,1129.85,completed
10126,497,2025-05-21,3815.62,completed
10127,289,2025-01-02,776.65,completed
10128,293,2025-03-07,785.39,cancelled
10129,195,2025-10-06,3242.53,completed
10130,64,2025-05-09,843.57,completed
10131,287,2025-02-23,1818.09,completed
10132,449,2025-04-15,389.94,completed
10133,46,2025-04-11,972.76,completed
10134,441,2025-03-05,343.19,completed
10135,208,2025-02-06,523.85,completed
10136,269,2025-10-06,1973.26,completed
10137,83,2025-10-28,1058.99,completed
10138,311,2025-07-01,877.1,completed
10139,92,2025-08-13,649.29,completed
10140,137,2025-12-02,939.68,completed
10141,361,2025-11-04,1353.95,completed
10142,26,2025-01-12,2182.1,returned
10143,224,2025-12-14,174.58,completed
10144,298,2025-01-25,612.63,completed
10145,67,2025-01-10,1225.82,cancelled
10146,148,2025-05-28,1023.31,completed
10147,172,2025-09-30,1454.42,cancelled
10148,332,2025-01-30,1322.5,completed
10149,489,2025-04-17,885.89,returned
10150,419,2025-04-06,758.39,returned
10151,95,2025-05-26,923.48,
10152,10,2025-12-26,2450.68,completed
10153,26,2025-05-01,656.94,completed
10154,298,2025-03-18,1049.46,completed
10155,79,2025-02-14,1246.8,completed
10156,116,2025-03-14,3269.02,completed
10157,424,2025-02-18,888.72,completed
10158,437,2025-07-29,2145.58,completed
10159,420,2025-06-03,2597.71,completed
10160,127,2025-07-01,1048.77,completed
10161,310,2025-10-31,946.24,cancelled
10162,306,2025-07-31,871.02,completed
10163,93,2025-02-26,916.83,cancelled
10164,277,2025-05-18,1994.14,cancelled
10165,263,2025-04-25,1289.11,completed
10166,199,2025-10-29,1292.98,completed
10167,376,2025-04-23,498.87,cancelled
10168,339,2025-02-20,557.11,completed
10169,267,2025-09-26,4916.8,completed
10170,363,2025-06-06,968.28,cancelled
10171,382,2025-02-04,637.57,completed
10172,284,2025-09-09,2986.24,completed
10173,134,2025-03-18,1335.77,cancelled
10174,380,2025-11-13,1643.71,completed
10175,359,2025-10-31,995.62,cancelled
10176,492,2025-05-15,877.37,completed
10177,75,2025-07-22,973.88,completed
10178,210,2025-07-27,416.58,completed
10179,463,2025-08-27,1031.17,completed
10180,258,2025-01-26,1349.14,returned
10181,472,2025-04-29,4005.1,completed
10182,7,2025-03-04,1164.68,completed
10183,18,2025-09-12,214.02,completed
10184,399,2025-01-26,1026.81,returned
10185,180,2025-07-08,7462.55,completed
10186,261,2025-09-23,2011.14,completed
10187,215,2025-12-13,621.65,completed
10188,204,2025-04-16,1658.68,completed
10189,470,2025-01-03,652.36,returned
10190,48,2025-09-22,425.1,returned
10191,387,2025-01-01,859.32,completed
10192,445,2025-01-25,1169.19,completed
10193,329,2025-12-28,295.74,completed
10194,198,2025-11-11,490.58,completed
10195,81,2025-09-16,1104.6,completed
10196,342,2025-11-01,824.09,completed
10197,235,2025-01-28,1445.73,completed
10198,75,2025-02-02,468.59,cancelled
10199,180,2025-04-20,1807.82,completed
10200,481,2025-01-09,478.84,completed
10201,133,2025-11-21,3463.08,completed
10202,90,2025-01-21,329.96,completed
10203,341,2025-07-18,510.41,completed
10204,100,2025-11-08,1468.74,completed
10205,460,2025-09-26,3515.59,completed
10206,430,2025-03-27,1367.21,completed
10207,492,2025-06-21,1626.2,cancelled
10208,457,2025-07-20,1110.18,cancelled
10209,122,2025-10-08,534.6,completed
10210,107,2025-06-05,778.14,completed
10211,172,2025-04-15,469.5,completed
10212,235,2025-10-18,448.05,completed
10213,440,2025-11-20,1452.77,returned
10214,367,2025-06-28,499.58,returned
10215,323,2025-01-11,1371.54,completed
10216,440,2025-07-02,440.86,completed
10217,323,2025-11-21,1349.47,completed
10218,190,2025-12-28,778.93,completed
10219,207,2025-05-27,2935.49,returned
10220,259,2025-02-24,1375.54,completed
10221,45,2025-07-28,2604.64,completed
10222,371,2025-10-31,646.16,completed
10223,327,2025-12-11,1140.59,completed
10224,366,2025-01-19,551.83,completed
10225,267,2025-04-17,820.96,cancelled
10226,392,2025-06-24,912.81,completed
10227,475,2025-02-05,659.78,completed
10228,285,2025-11-20,468.32,completed
10229,223,2025-02-10,407.7,completed
10230,53,2025-08-31,213.19,completed
10231,390,2025-12-02,523.51,completed
10232,452,2025-09-08,1701.47,completed
10233,350,2025-10-06,358.19,completed
10234,433,2025-04-07,420.87,cancelled
10235,431,2025-10-30,3841.54,completed
10236,400,2025-06-02,702.36,returned
10237,252,2025-01-23,1372.97,completed
10238,50,2025-05-14,1719.21,completed
10239,2,2025-05-08,1743.71,completed
10240,103,2025-07-10,377.81,completed
10241,216,2025-04-07,932.86,completed
10242,372,2025-06-18,353.27,completed
10243,228,2025-06-06,6077.95,cancelled
10244,12,2025-04-30,359.1,completed
10245,106,2025-09-12,526.64,completed
10246,490,2025-04-22,529.31,returned
10247,495,2025-10-07,384.65,completed
10248,189,2025-04-02,2826.56,returned
10249,403,2025-11-12,5977.24,cancelled
10250,360,2025-05-14,786.01,cancelled
10251,466,2025-01-15,435.16,cancelled
10252,444,2025-02-24,229.1,completed
10253,315,2025-10-22,924.38,completed
10254,198,2025-11-15,878.79,completed
10255,314,2025-03-19,695.13,completed
10256,160,2025-08-08,1280.44,completed
10257,175,2025-07-29,1446.09,completed
10258,305,2025-02-18,1374.93,completed
10259,286,2025-06-14,878.94,completed
10260,291,2025-09-11,507.18,completed
10261,193,2025-12-20,1747.75,cancelled
10262,205,2025-11-06,1106.28,completed
10263,6,2025-02-05,2042.34,completed
10264,301,2025-03-28,1906.55,completed
10265,288,2025-06-09,405.36,completed
10266,468,2025-02-24,401.84,completed
10267,253,2025-07-28,646.21,completed
10268,234,2025-01-04,523.54,completed
10269,34,2025-02-11,1860.64,completed
10270,99,2025-01-18,1402.37,completed
10271,170,2025-04-18,2367.12,completed
10272,189,2025-10-06,1447.42,completed
10273,182,2025-03-06,1269.09,completed
10274,198,2025-12-27,2539.72,completed
10275,385,2025-04-09,1523.57,completed
10276,66,2025-01-17,1150.18,completed
10277,167,2025-05-03,3091.21,completed
10278,82,2025-10-01,1188.71,completed
10279,154,2025-02-08,886.22,returned
10280,343,2025-01-27,610.04,completed
10281,24,2025-11-07,1793.85,completed
10282,170,2025-08-05,2606.95,completed
10283,12,2025-05-06,1058.48,cancelled
10284,478,2025-10-03,2739.53,cancelled
10285,364,2025-11-05,276.16,completed
10286,122,2025-05-12,1054.88,completed
10287,100,2025-07-24,1066.28,completed
10288,50,2025-01-04,659.25,completed
10289,237,2025-04-22,5817.95,completed
10290,377,2025-08-06,1046.98,completed
10291,293,2025-03-13,824.34,returned
10292,441,2025-12-28,1116.74,cancelled
10293,172,2025-12-21,269.89,completed
10294,140,2025-04-05,644.25,returned
10295,240,2025-05-25,2182.59,completed
10296,102,2025-03-11,706.09,completed
10297,488,2025-07-03,613.87,cancelled
10298,93,2025-02-15,2742.62,completed
10299,240,2025-05-23,2802.25,completed
10300,262,2025-07-22,1574.82,completed
10301,29,2025-08-12,797.45,completed
10302,235,2025-08-06,927.39,completed
10303,228,2025-03-22,624.59,completed
10304,130,2025-10-17,546.57,completed
10305,64,2025-09-10,527.9,completed
10306,23,2025-10-02,711.49,completed
10307,5,2025-06-20,531.5,completed
10308,241,2025-11-22,367.02,completed
10309,45,2025-05-23,1278.68,completed
10310,480,2025-10-22,1292.35,completed
10311,123,2025-03-16,3606.72,completed
10312,327,2025-04-01,686.88,completed
10313,337,2025-07-12,1349.2,cancelled
10314,248,2025-07-22,1364.99,completed
10315,442,2025-09-30,918.11,completed
10316,56,2025-04-19,1846.47,completed
10317,118,2025-11-15,1886.84,completed
10318,127,2025-05-01,1379.1,completed
10319,68,2025-07-14,916.95,completed
10320,148,2025-12-07,853.83,completed
10321,157,2025-07-16,420.97,returned
10322,383,2025-09-06,623.82,completed
10323,151,2025-11-28,709.52,cancelled
10324,439,2025-12-22,499.31,completed
10325,387,2025-07-02,1492.11,cancelled
10326,451,2025-06-02,2534.22,returned
10327,53,2025-03-13,580.77,completed
10328,493,2025-07-16,1337.3,completed
10329,307,2025-12-02,531.72,completed
10330,492,2025-06-27,885.86,completed
10331,178,2025-05-08,676.39,completed
10332,477,2025-02-09,1671.25,cancelled
10333,295,2025-05-23,681.88,returned
10334,36,2025-03-28,2226.45,completed
10335,206,2025-12-23,923.34,completed
10336,69,2025-07-12,695.95,completed
10337,471,2025-02-20,456.09,completed
10338,153,2025-01-25,1309.29,completed
10339,112,2025-11-07,2052.17,completed
10340,277,2025-12-06,1327.86,completed
10341,213,2025-10-06,5256.3,completed
10342,49,2025-02-15,2983.5,completed
10343,409,2025-02-05,884.24,completed
10344,423,2025-03-14,877.77,completed
10345,372,2025-10-02,1523.53,completed
10346,309,2025-10-07,609.96,returned
10347,202,2025-11-02,2480.96,cancelled
10348,272,2025-02-05,1412.51,completed
10349,261,2025-02-25,1312.28,completed
10350,83,2025-11-25,1773.78,completed
10351,41,2025-12-05,3662.79,completed
10352,127,2025-09-22,1236.04,completed
10353,228,2025-02-08,1013.2,completed
10354,81,2025-01-26,3152.98,completed
10355,54,2025-01-21,2158.75,completed
10356,426,2025-09-10,875.95,completed
10357,188,2025-11-05,1100.62,completed
10358,293,2025-08-19,1257.36,completed
10359,263,2025-04-06,1412.72,completed
10360,368,2025-10-04,424.27,completed
10361,370,2025-01-22,372.51,completed
10362,149,2025-10-30,589.24,completed
10363,424,2025-11-22,558.18,cancelled
10364,186,2025-09-20,698.77,returned
10365,418,2025-11-17,1710.08,completed
10366,203,2025-08-02,974.33,cancelled
10367,56,2025-06-20,1258.25,completed
10368,381,2025-04-28,465.44,completed
10369,16,2025-12-03,793.82,completed
10370,387,2025-09-12,1654.21,completed
10371,22,2025-03-11,1663.15,completed
10372,104,2025-12-16,660.37,returned
10373,302,2025-01-22,1228.03,completed
10374,471,2025-08-03,5111.22,completed
10375,205,2025-03-11,1083.21,completed
10376,61,2025-08-31,675.04,completed
10377,117,2025-05-31,971.04,completed
10378,449,2025-06-09,1169.73,completed
10379,364,2025-09-03,986.52,completed
10380,51,2025-10-03,1072.83,cancelled
10381,193,2025-05-19,399.25,completed
10382,133,2025-12-31,559.01,completed
10383,89,2025-07-01,987.79,cancelled
10384,424,2025-02-28,976.83,completed
10385,309,2025-01-03,737.8,completed
10386,90,2025-03-15,968.83,completed
10387,326,2025-09-10,1144.49,completed
10388,207,2025-07-16,2043.85,completed
10389,31,2025-05-04,1023.06,completed
10390,225,2025-06-25,1450.08,completed
10391,93,2025-11-02,750.61,completed
10392,123,2025-07-28,1636.75,completed
10393,440,2025-01-22,1426.55,completed
10394,356,2025-01-18,2010.37,completed
10395,68,2025-06-25,1807.0,completed
10396,426,2025-05-28,1655.92,completed
10397,288,2025-11-07,1023.63,completed
10398,438,2025-08-01,1301.74,returned
10399,374,2025-10-04,2308.74,completed
10400,170,2025-08-02,694.75,completed
10401,268,2025-05-07,706.35,completed
10402,266,2025-08-28,1245.14,completed
10403,360,2025-08-15,1466.59,completed
10404,125,2025-09-20,615.93,cancelled
10405,167,2025-03-11,1040.72,completed
10406,123,2025-08-23,1026.8,completed
10407,149,2025-04-15,232.6,completed
10408,81,2025-10-16,940.38,cancelled
10409,19,2025-10-19,982.28,completed
10410,471,2025-08-17,980.24,completed
10411,38,2025-12-12,2954.66,completed
10412,444,2025-07-16,468.22,cancelled
10413,2,2025-01-10,615.7,completed
10414,389,2025-08-10,176.17,returned
10415,165,2025-10-11,783.18,cancelled
10416,259,2025-02-06,831.35,completed
10417,142,2025-02-08,767.41,cancelled
10418,246,2025-04-10,2381.23,completed
10419,226,2025-11-05,2003.06,completed
10420,265,2025-07-12,1158.06,completed
10421,197,2025-12-23,846.04,cancelled
10422,269,2025-11-15,2249.21,completed
10423,413,2025-07-22,1081.57,completed
10424,218,2025-09-05,618.45,completed
10425,181,2025-05-01,329.85,completed
10426,66,2025-02-02,805.19,cancelled
10427,180,2025-05-26,1859.85,completed
10428,63,2025-08-05,5396.88,completed
10429,92,2025-03-08,1144.96,cancelled
10430,477,2025-03-22,641.78,cancelled
10431,45,2025-01-06,478.44,completed
10432,242,2025-09-25,1613.83,completed
10433,418,2025-11-25,318.87,completed
10434,477,2025-10-30,1612.02,completed
10435,74,2025-05-19,1943.8,completed
10436,82,2025-08-05,1488.31,completed
10437,187,2025-12-17,940.34,cancelled
10438,278,2025-08-04,1628.57,completed
10439,480,2025-04-18,1236.03,cancelled
10440,104,2025-05-04,636.07,cancelled
10441,83,2025-09-23,4004.96,completed
10442,127,2025-06-12,857.33,completed
10443,438,2025-11-02,1887.53,completed
10444,16,2025-11-12,201.74,completed
10445,191,2025-01-14,2679.89,completed
10446,60,2025-09-22,3066.02,completed
10447,79,2025-05-16,1119.78,completed
10448,459,2025-07-09,1621.55,completed
10449,1,2025-04-07,1621.26,completed
10450,161,2025-05-15,699.28,completed
10451,458,2025-05-01,1608.38,completed
10452,305,2025-01-19,622.63,completed
10453,36,2025-10-13,716.14,returned
10454,233,2025-02-22,2413.57,cancelled
10455,486,2025-05-18,2169.52,cancelled
10456,201,2025-03-12,668.83,completed
10457,265,2025-02-28,656.22,completed
10458,266,2025-05-17,697.9,completed
10459,331,2025-12-02,1831.42,completed
10460,94,2025-12-11,544.58,completed
10461,420,2025-05-20,1407.68,cancelled
10462,495,2025-07-04,1849.73,completed
10463,72,2025-12-26,1030.94,completed
10464,410,2025-03-27,2223.96,returned
10465,409,2025-12-11,886.24,completed
10466,371,2025-02-08,944.17,completed
10467,186,2025-03-24,553.32,cancelled
10468,235,2025-05-04,2235.06,completed
10469,420,2025-01-14,641.26,completed
10470,77,2025-10-25,1400.86,completed
10471,415,2025-11-09,1043.23,cancelled
10472,461,2025-05-20,524.82,completed
10473,341,2025-11-02,715.96,completed
10474,171,2025-10-09,2887.11,completed
10475,280,2025-10-20,1262.89,completed
10476,26,2025-10-20,541.09,cancelled
10477,466,2025-07-29,1357.95,completed
10478,172,2025-02-10,990.02,completed
10479,29,2025-12-04,12305.88,completed
10480,398,2025-08-11,1338.88,completed
10481,329,2025-11-25,840.14,completed
10482,312,2025-12-17,2963.18,completed
10483,28,2025-03-10,302.26,completed
10484,376,2025-05-27,1171.48,completed
10485,319,2025-03-12,4429.76,cancelled
10486,397,2025-01-19,1010.96,returned
10487,414,2025-12-19,325.93,completed
10488,106,2025-12-04,831.19,completed
10489,106,2025-12-07,3035.59,completed
10490,462,2025-11-19,1426.88,completed
10491,266,2025-08-25,609.6,completed
10492,219,2025-07-10,678.8,returned
10493,144,2025-12-28,741.16,completed
10494,320,2025-07-21,1412.11,completed
10495,377,2025-08-23,2798.22,returned
10496,2,2025-03-19,2290.89,completed
10497,277,2025-09-30,1509.01,completed
10498,497,2025-10-27,431.75,completed
10499,141,2025-09-05,432.87,completed
10500,141,2025-07-01,1592.84,cancelled
10500,440,2025-03-14,427.59,completed
10502,32,2025-01-13,936.46,completed
10503,199,2025-08-17,1356.83,completed
10504,230,2025-09-07,494.57,cancelled
10505,399,2025-10-10,535.4,completed
10506,65,2025-12-13,1026.71,completed
10507,218,2025-07-01,1560.18,completed
10508,77,2025-10-30,2305.52,cancelled
10509,394,2025-09-19,1677.29,completed
10510,317,2025-04-12,1154.66,completed
10511,249,2025-11-05,650.45,cancelled
10512,197,2025-01-20,518.2,completed
10513,77,2025-08-07,766.92,completed
10514,461,2025-12-10,1461.11,completed
10515,324,2025-08-29,1388.02,completed
10516,160,2025-12-09,252.16,completed
10517,207,2025-01-21,632.72,completed
10518,364,2025-07-14,2548.23,completed
10519,360,2025-10-12,1159.16,completed
10520,231,2025-08-23,406.71,completed
10521,152,2025-11-18,5704.87,returned
10522,330,2025-06-18,1074.64,completed
10523,330,2025-09-07,1435.16,completed
10524,300,2025-06-03,1450.51,completed
10525,37,2025-11-15,847.83,completed
10526,237,2025-02-13,658.98,completed
10527,307,2025-04-03,4842.43,completed
10528,476,2025-02-05,2213.31,completed
10529,263,2025-09-14,1949.55,completed
10530,172,2025-03-26,1641.56,completed
10531,278,2025-04-26,543.31,cancelled
10532,89,2025-11-02,2681.87,cancelled
10533,46,2025-05-12,607.78,completed
10534,340,2025-02-23,1337.16,completed
10535,494,2025-01-08,348.08,completed
10536,424,2025-03-24,262.8,cancelled
10537,292,2025-11-30,1370.33,cancelled
10538,21,2025-07-20,622.43,cancelled
10539,494,2025-12-30,272.48,completed
10540,225,2025-03-20,1601.07,cancelled
10541,145,2025-05-09,4837.03,completed
10542,447,2025-03-01,2900.66,cancelled
10543,374,2025-05-26,915.87,completed
10544,375,2025-07-25,1103.44,completed
10545,139,2025-10-22,2041.41,completed
10546,496,2025-05-15,2405.44,returned
10547,227,2025-10-09,862.23,completed
10548,266,2025-08-17,1123.19,completed
10549,376,2025-04-17,1353.47,completed
10550,330,2025-11-29,1616.01,completed
10551,87,2025-06-08,999.09,returned
10552,152,2025-02-25,1008.22,completed
10553,181,2025-12-18,2880.97,completed
10554,474,2025-11-30,2557.19,cancelled
10555,358,2025-01-19,1531.78,completed
10556,184,2025-11-26,3653.26,completed
10557,368,2025-12-12,836.72,completed
10558,370,2025-10-30,3415.51,completed
10559,198,2025-04-04,1603.21,completed
10560,202,2025-08-19,10826.13,completed
10561,448,2025-07-16,475.93,completed
10562,281,2025-08-15,676.86,completed
10563,75,2025-08-14,1470.21,cancelled
10564,360,2025-08-22,1448.18,cancelled
10565,295,2025-07-07,4294.53,completed
10566,255,2025-09-10,686.86,completed
10567,363,2025-07-12,2066.15,returned
10568,454,2025-01-07,2474.33,completed
10569,166,2025-01-13,1795.89,completed
10570,210,2025-12-16,559.64,completed
10571,95,2025-11-28,2937.84,completed
10572,324,2025-08-02,2592.89,completed
10573,202,2025-03-05,1668.55,completed
10574,172,2025-10-13,1265.27,completed
10575,349,2025-02-22,1284.69,returned
10576,205,2025-05-18,1037.83,completed
10577,233,2025-05-01,1717.37,completed
10578,221,2025-01-05,1120.8,completed
10579,130,2025-10-22,605.49,completed
10580,63,2025-07-06,526.36,completed
10581,414,2025-04-26,647.8,completed
10582,46,2025-07-05,1281.12,completed
10583,163,2025-01-01,1076.13,completed
10584,334,2025-06-09,1275.05,cancelled
10585,66,2025-07-09,1557.08,completed
10586,328,2025-05-04,706.89,cancelled
10587,367,2025-10-31,3059.36,completed
10588,332,2025-04-02,909.23,completed
10589,153,2025-02-20,809.65,completed
10590,10,2025-07-12,1537.13,completed
10591,444,2025-11-20,303.22,completed
10592,164,2025-05-17,630.57,completed
10593,403,2025-01-18,2179.28,completed
10594,99,2025-12-21,324.99,completed
10595,82,2025-06-12,2397.79,returned
10596,390,2025-03-05,3158.32,completed
10597,470,2025-08-13,846.73,completed
10598,431,2025-04-27,1345.16,cancelled
10599,376,2025-12-09,2400.33,cancelled
10600,124,2025-04-18,790.96,completed
10601,457,2025-07-20,2013.12,completed
10602,334,2025-07-18,685.53,completed
10603,87,2025-03-30,785.0,completed
10604,65,2025-07-02,626.7,completed
10605,436,2025-02-09,1393.89,completed
10606,138,2025-08-23,2466.56,completed
10607,383,2025-10-04,964.03,completed
10608,70,2025-12-13,450.4,cancelled
10609,141,2025-04-29,513.94,cancelled
10610,142,2025-04-15,1445.51,cancelled
10611,141,2025-07-20,3987.35,completed
10612,338,2025-09-10,1444.63,completed
10613,458,2025-12-29,836.45,completed
10614,456,2025-01-10,1874.93,completed
10615,371,2025-03-28,927.37,completed
10616,102,2025-04-06,841.51,completed
10617,481,2025-04-04,560.64,completed
10618,272,2025-06-19,2939.26,completed
10619,273,2025-11-15,185.41,completed
10620,351,2025-01-12,1916.97,completed
10621,385,2025-10-25,792.65,completed
10622,477,2025-08-14,822.84,completed
10623,292,2025-08-13,3585.38,returned
10624,306,2025-09-05,665.21,completed
10625,373,2025-02-12,681.27,completed
10626,128,2025-09-30,1000.97,cancelled
10627,154,2025-04-01,1465.12,completed
10628,313,2025-07-08,804.89,completed
10629,33,2025-09-05,364.42,completed
10630,161,2025-08-09,598.25,completed
10631,359,2025-04-28,2689.02,completed
10632,489,2025-05-25,1155.56,cancelled
10633,260,2025-06-23,1503.82,returned
10634,200,2025-01-16,913.25,completed
10635,221,2025-09-23,691.15,completed
10636,343,2025-02-06,3548.57,completed
10637,273,2025-06-17,961.28,cancelled
10638,12,2025-08-28,804.03,completed
10639,270,2025-01-30,2362.08,completed
10640,201,2025-12-30,661.39,cancelled
10641,351,2025-05-18,723.2,completed
10642,438,2025-01-06,1104.53,completed
10643,482,2025-08-29,1096.84,completed
10644,306,2025-07-23,1315.18,completed
10645,182,2025-08-22,4741.78,completed
10646,222,2025-10-02,1387.66,completed
10647,89,2025-06-23,207.55,completed
10648,468,2025-10-29,1378.03,cancelled
10649,424,2025-05-16,1126.1,completed
10650,427,2025-07-18,1130.5,cancelled
10651,165,2025-02-27,1302.66,completed
10652,162,2025-08-15,1074.84,completed
10653,429,2025-04-06,1056.98,completed
10654,273,2025-09-12,1684.34,cancelled
10655,353,2025-10-20,750.35,completed
10656,245,2025-11-10,564.88,completed
10657,222,2025-12-06,9105.62,completed
10658,317,2025-02-14,664.41,completed
10659,407,2025-02-20,1176.27,returned
10660,168,2025-12-05,384.92,returned
10661,405,2025-05-20,1189.78,completed
10662,123,2025-01-10,570.63,completed
10663,202,2025-04-15,804.54,cancelled
10664,457,2025-11-02,2279.12,completed
10665,478,2025-05-10,1526.0,completed
10666,462,2025-01-29,1632.53,completed
10667,159,2025-09-21,317.4,completed
10668,422,2025-03-13,3967.24,completed
10669,469,2025-05-09,476.13,completed
10670,490,2025-01-02,3197.08,completed
10671,11,2025-08-08,2241.9,completed
10672,373,2025-06-12,1642.76,completed
10673,499,2025-11-13,602.75,completed
10674,383,2025-05-03,1219.4,completed
10675,117,2025-03-16,788.68,returned
10676,382,2025-03-02,1119.15,cancelled
10677,53,2025-03-15,920.66,completed
10678,241,2025-06-14,263.22,completed
10679,314,2025-02-01,2404.86,completed
10680,229,2025-05-27,1036.11,completed
10681,350,2025-11-08,781.05,completed
10682,121,2025-10-08,740.83,completed
10683,304,2025-08-21,1409.4,completed
10684,323,2025-11-22,586.62,completed
10685,317,2025-10-12,226.19,cancelled
10686,145,2025-08-27,1458.25,completed
10687,153,2025-11-12,1577.15,completed
10688,129,2025-02-15,953.61,completed
10689,231,2025-10-26,491.01,completed
10690,293,2025-04-18,1167.07,completed
10691,182,2025-09-25,393.4,completed
10692,205,2025-11-30,534.29,completed
10693,144,2025-07-01,648.4,completed
10694,110,2025-02-02,1979.81,completed
10695,329,2025-05-16,850.8,cancelled
10696,409,2025-05-29,801.51,completed
10697,146,2025-12-08,4308.24,completed
10698,431,2025-12-11,1403.5,completed
10699,286,2025-07-27,1390.33,completed
10700,84,2025-12-13,846.58,completed
10701,183,2025-06-09,722.37,completed
10702,4,2025-05-31,237.35,completed
10703,20,2025-11-02,2160.55,completed
10704,169,2025-09-01,1500.89,returned
10705,228,2025-07-10,967.37,completed
10706,399,2025-06-16,996.19,cancelled
10707,68,2025-09-15,1835.92,completed
10708,420,2025-10-03,369.33,completed
10709,118,2025-06-29,725.66,returned
10710,70,2025-01-12,495.01,completed
10711,350,2025-02-07,3789.75,completed
10712,388,2025-02-22,2024.26,returned
10713,303,2025-06-18,234.65,completed
10714,58,2025-08-13,380.07,completed
10715,58,2025-10-21,999.6,completed
10716,196,2025-03-26,787.84,completed
10717,226,2025-10-15,433.95,completed
10718,500,2025-09-01,4278.4,completed
10719,144,2025-01-19,1364.82,cancelled
10720,97,2025-05-09,1529.0,completed
10721,473,2025-04-21,675.59,completed
10722,77,2025-11-20,1818.18,completed
10723,14,2025-12-03,840.25,completed
10724,212,2025-10-27,899.34,cancelled
10725,201,2025-07-12,1681.94,completed
10726,310,2025-06-29,350.62,completed
10727,439,2025-04-24,3354.04,cancelled
10728,467,2025-10-10,1245.97,cancelled
10729,145,2025-02-01,2688.29,cancelled
10730,491,2025-04-09,516.57,completed
10731,317,2025-02-19,574.66,completed
10732,35,2025-06-30,486.22,completed
10733,470,2025-04-20,1306.63,completed
10734,69,2025-03-14,1148.47,cancelled
10735,295,2025-05-18,792.28,completed
10736,396,2025-11-11,539.24,completed
10737,125,2025-07-23,451.86,cancelled
10738,136,2025-10-28,1060.04,returned
10739,239,2025-11-30,791.63,completed
10740,443,2025-11-26,678.63,returned
10741,112,2025-05-09,3238.81,completed
10742,332,2025-11-17,1035.22,completed
10743,227,2025-11-28,2667.85,completed
10744,56,2025-12-17,755.0,returned
10745,356,2025-05-09,1301.59,cancelled
10746,417,2025-03-25,1054.86,completed
10747,288,2025-08-02,334.17,completed
10748,89,2025-12-07,2980.47,completed
10749,78,2025-11-25,997.64,completed
10750,212,2025-07-28,1849.17,cancelled
10751,254,2025-02-24,647.8,completed
10752,277,2025-06-04,977.12,cancelled
10753,122,2025-09-18,597.77,completed
10754,251,2025-07-24,2605.03,completed
10755,148,2025-05-07,1363.74,completed
10756,344,2025-05-06,1417.91,returned
10757,399,2025-01-22,2837.64,completed
10758,327,2025-04-16,2463.75,completed
10759,1,2025-09-02,1873.83,completed
10760,497,2025-03-30,405.37,cancelled
10761,12,2025-12-29,673.86,cancelled
10762,500,2025-01-31,543.09,cancelled
10763,16,2025-08-03,1824.89,completed
10764,259,2025-07-01,1235.78,cancelled
10765,53,2025-11-01,414.32,completed
10766,48,2025-11-21,960.91,completed
10767,342,2025-07-18,385.34,completed
10768,364,2025-08-19,1056.58,completed
10769,60,2025-09-13,344.21,returned
10770,489,2025-07-10,1587.92,returned
10771,161,2025-03-09,1428.78,completed
10772,160,2025-06-06,4169.55,completed
10773,149,2025-03-30,1985.27,cancelled
10774,231,2025-06-19,815.63,returned
10775,89,2025-08-13,1944.28,completed
10776,213,2025-03-18,412.25,completed
10777,105,2025-04-02,559.07,completed
10778,26,2025-10-28,1384.65,cancelled
10779,185,2025-05-18,242.07,completed
10780,337,2025-03-14,1068.47,completed
10781,382,2025-09-18,536.9,completed
10782,177,2025-09-19,1177.22,completed
10783,162,2025-10-29,515.73,completed
10784,394,2025-10-05,1475.83,cancelled
10785,341,2025-12-29,1111.57,completed
10786,417,2025-07-29,2922.68,completed
10787,454,2025-04-15,1101.82,completed
10788,411,2025-11-11,640.31,cancelled
10789,469,2025-04-07,922.59,completed
10790,209,2025-04-17,427.96,completed
10791,198,2025-10-30,1457.23,completed
10792,161,2025-11-18,1657.22,completed
10793,118,2025-05-04,6176.07,completed
10794,375,2025-09-24,709.61,completed
10795,358,2025-12-03,909.18,returned
10796,401,2025-10-19,732.87,cancelled
10797,84,2025-01-02,1272.17,completed
10798,246,2025-08-31,1432.51,cancelled
10799,111,2025-03-04,1056.42,completed
10800,447,2025-11-05,2345.91,completed
10801,134,2025-01-25,712.03,cancelled
10802,72,2025-12-29,2187.08,completed
10803,285,2025-03-06,1598.7,completed
10804,440,2025-06-03,1087.44,completed
10805,458,2025-03-27,879.67,completed
10806,49,2025-10-25,5994.92,returned
10807,163,2025-05-24,618.99,completed
10808,77,2025-09-29,1350.94,completed
10809,154,2025-01-25,648.62,completed
10810,267,2025-06-15,3827.38,cancelled
10811,141,2025-11-29,2040.15,completed
10812,34,2025-12-05,682.09,completed
10813,256,2025-03-18,1569.98,completed
10814,27,2025-05-24,1313.42,completed
10815,114,2025-05-30,763.84,completed
10816,1,2025-07-26,1864.44,completed
10817,44,2025-07-16,1440.17,completed
10818,219,2025-02-08,1275.37,completed
10819,426,2025-10-06,1064.92,cancelled
10820,388,2025-03-24,1482.88,completed
10821,50,2025-04-25,1287.65,completed
10822,18,2025-11-03,1142.95,completed
10823,170,2025-09-09,700.15,completed
10824,327,2025-05-25,3589.03,completed
10825,374,2025-11-30,525.69,cancelled
10826,412,2025-05-24,1479.33,completed
10827,172,2025-07-26,876.41,completed
10828,85,2025-03-31,3758.15,completed
10829,14,2025-03-08,582.64,completed
10830,74,2025-06-29,655.45,returned
10831,33,2025-07-25,556.2,completed
10832,431,2025-10-22,1375.3,returned
10833,135,2025-05-23,419.42,completed
10834,412,2025-11-23,784.49,completed
10835,277,2025-08-10,243.07,completed
10836,270,2025-01-26,1297.63,completed
10837,228,2025-09-27,772.67,completed
10838,410,2025-07-29,386.98,completed
10839,22,2025-05-23,2344.73,returned
10840,47,2025-06-20,439.06,completed
10841,212,2025-04-21,1915.74,returned
10842,198,2025-08-13,671.34,completed
10843,273,2025-07-26,3364.72,completed
10844,369,2025-06-13,1853.23,completed
10845,294,2025-04-15,541.51,completed
10846,129,2025-05-26,577.12,returned
10847,164,2025-07-01,1675.5,cancelled
10848,377,2025-06-22,912.63,returned
10849,101,2025-04-23,974.05,returned
10850,253,2025-08-01,2671.96,completed
10851,270,2025-03-24,649.31,completed
10852,376,2025-07-02,1169.0,cancelled
10853,358,2025-02-14,2139.31,completed
10854,233,2025-06-22,1932.14,cancelled
10855,155,2025-10-14,980.7,completed
10856,184,2025-10-26,895.84,completed
10857,206,2025-09-11,324.68,completed
10858,110,2025-09-30,523.55,completed
10859,313,2025-01-25,1370.39,completed
10860,105,2025-05-05,995.74,completed
10861,325,2025-08-27,1155.69,completed
10862,376,2025-10-20,2269.87,completed
10863,481,2025-08-01,477.65,completed
10864,60,2025-11-08,929.53,completed
10865,380,2025-04-10,1251.5,completed
10866,43,2025-02-26,669.87,cancelled
10867,169,2025-02-01,2987.03,completed
10868,89,2025-08-01,2071.46,completed
10869,82,2025-08-31,1343.58,completed
10870,88,2025-04-15,3850.52,completed
10871,22,2025-10-14,384.05,completed
10872,412,2025-09-27,1090.72,completed
10873,31,2025-05-12,1417.2,completed
10874,200,2025-03-29,578.14,completed
10875,350,2025-09-28,1353.57,completed
10876,496,2025-09-03,505.42,completed
10877,427,2025-03-04,1778.26,completed
10878,69,2025-04-04,2299.59,completed
10879,494,2025-06-27,1326.94,completed
10880,327,2025-07-06,299.78,completed
10881,90,2025-03-02,557.38,completed
10882,225,2025-12-13,1628.31,completed
10883,459,2025-05-22,1113.03,completed
10884,197,2025-05-20,166.37,completed
10885,92,2025-01-23,2617.52,completed
10886,438,2025-11-16,1206.72,cancelled
10887,477,2025-03-27,618.1,completed
10888,488,2025-12-27,2200.56,completed
10889,478,2025-07-01,682.47,completed
10890,437,2025-11-16,677.28,cancelled
10891,228,2025-03-07,1409.3,completed
10892,97,2025-03-02,3815.12,completed
10893,309,2025-10-20,3416.98,cancelled
10894,111,2025-10-27,1410.64,completed
10895,237,2025-07-18,1515.76,completed
10896,329,2025-01-12,1908.45,completed
10897,474,2025-12-11,454.92,completed
10898,145,2025-05-24,1721.42,completed
10899,126,2025-12-08,655.99,completed
10900,368,2025-11-14,1370.51,completed
10901,4,2025-11-07,935.21,completed
10902,284,2025-09-09,1557.51,completed
10903,373,2025-09-03,1191.15,cancelled
10904,276,2025-07-14,127.6,completed
10905,192,2025-01-10,1242.93,completed
10906,415,2025-05-22,1719.02,completed
10907,186,2025-09-24,1498.4,completed
10908,356,2025-10-24,1020.64,completed
10909,233,2025-07-24,3461.69,completed
10910,14,2025-09-16,1363.71,completed
10911,266,2025-01-08,1489.76,cancelled
10912,25,2025-06-20,2278.21,cancelled
10913,466,2025-07-05,1413.49,cancelled
10914,301,2025-11-22,584.87,completed
10915,187,2025-04-24,198.97,completed
10916,244,2025-03-25,785.26,completed
10917,310,2025-05-09,1868.07,completed
10918,131,2025-03-04,856.48,cancelled
10919,145,2025-07-23,1921.43,cancelled
10920,210,2025-08-23,1216.96,completed
10921,130,2025-10-20,2701.73,cancelled
10922,379,2025-12-21,891.89,cancelled
10923,52,2025-01-27,1521.32,completed
10924,414,2025-04-01,1562.62,cancelled
10925,175,2025-04-20,3137.31,completed
10926,281,2025-04-02,332.07,completed
10927,79,2025-10-29,795.61,completed
10928,193,2025-02-20,1986.17,completed
10929,378,2025-01-11,3236.11,completed
10930,136,2025-11-11,1297.31,returned
10931,67,2025-12-17,893.46,completed
10932,261,2025-03-24,1863.07,completed
10933,82,2025-05-02,2014.43,completed
10934,158,2025-07-03,852.55,completed
10935,226,2025-07-11,1381.9,completed
10936,283,2025-12-28,2505.81,completed
10937,320,2025-05-28,4118.82,returned
10938,339,2025-01-05,1844.24,completed
10939,423,2025-06-04,1131.04,completed
10940,34,2025-07-23,1055.9,completed
10941,182,2025-07-08,1619.99,completed
10942,1,2025-07-06,1011.34,returned
10943,5,2025-12-03,1252.31,completed
10944,107,2025-10-22,522.95,completed
10945,300,2025-04-02,2718.78,completed
10946,448,2025-05-10,493.67,cancelled
10947,387,2025-09-01,810.39,completed
10948,324,2025-05-30,1174.17,completed
10949,390,2025-06-06,4419.1,completed
10950,86,2025-03-03,815.76,completed
10951,420,2025-04-03,688.0,completed
10952,446,2025-09-28,745.78,completed
10953,48,2025-11-04,3502.49,completed
10954,235,2025-10-14,153.14,returned
10955,416,2025-04-23,543.53,completed
10956,239,2025-02-19,7419.76,cancelled
10957,421,2025-02-28,1658.41,completed
10958,468,2025-05-24,505.63,completed
10959,238,2025-07-08,1064.92,completed
10960,30,2025-11-22,1149.66,completed
10961,171,2025-11-25,1982.84,completed
10962,108,2025-01-01,3974.49,completed
10963,238,2025-09-16,1439.41,completed
10964,293,2025-04-20,751.56,completed
10965,232,2025-03-14,1902.57,completed
10966,98,2025-07-22,672.65,cancelled
10967,151,2025-01-13,532.01,completed
10968,340,2025-05-02,319.92,completed
10969,14,2025-07-21,366.65,completed
10970,108,2025-04-10,585.51,cancelled
10971,447,2025-08-05,480.85,completed
10972,50,2025-06-17,1365.49,completed
10973,208,2025-10-19,473.63,completed
10974,104,2025-03-08,121.44,completed
10975,53,2025-01-21,528.09,cancelled
10976,212,2025-07-13,788.16,completed
10977,261,2025-04-04,717.8,returned
10978,89,2025-09-15,3176.92,completed
10979,39,2025-02-04,713.74,completed
10980,68,2025-07-29,2031.74,completed
10981,326,2025-12-28,1082.16,completed
10982,431,2025-02-03,1064.63,completed
10983,91,2025-04-21,611.08,completed
10984,161,2025-11-05,1052.42,completed
10985,172,2025-07-14,641.9,completed
10986,181,2025-03-05,1235.24,completed
10987,123,2025-03-19,929.48,returned
10988,28,2025-10-07,566.09,completed
10989,263,2025-11-11,2195.85,completed
10990,179,2025-05-12,1478.51,completed
10991,172,2025-06-22,801.4,completed
10992,133,2025-10-13,1214.21,completed
10993,465,2025-03-06,1034.14,returned
10994,306,2025-03-17,597.46,completed
10995,210,2025-10-10,1152.11,cancelled
10996,103,2025-03-10,710.02,completed
10997,401,2025-10-09,565.97,cancelled
10998,445,2025-07-01,352.15,completed
10999,17,2025-12-28,853.18,returned
11000,465,2025-01-13,1630.89,completed
11001,350,2025-12-12,674.34,completed
11002,50,2025-03-24,6402.83,completed
11003,377,2025-01-13,2038.52,completed
11004,54,2025-09-22,2732.66,completed
11005,26,2025-07-14,1913.46,completed
11006,58,2025-11-02,4011.84,completed
11007,230,2025-02-09,632.13,completed
11008,310,2025-01-30,182.63,completed
11009,204,2025-07-27,802.48,cancelled
11010,61,2025-11-18,1620.93,completed
11011,100,2025-05-29,1219.34,completed
11012,427,2025-10-19,1329.86,completed
11013,482,2025-11-27,2764.56,completed
11014,378,2025-11-14,1432.88,completed
11015,52,2025-07-05,1918.39,completed
11016,410,2025-09-12,568.1,completed
11017,346,2025-07-11,509.4,completed
11018,264,2025-09-04,3394.39,completed
11019,72,2025-07-26,1176.89,completed
11020,499,2025-07-11,708.92,cancelled
11021,222,2025-06-09,709.83,completed
11022,23,2025-08-27,696.18,completed
11023,105,2025-10-02,667.63,completed
11024,201,2025-12-02,446.66,cancelled
11025,32,2025-08-12,383.64,completed
11026,162,2025-02-06,956.71,completed
11027,235,2025-08-03,724.12,cancelled
11028,475,2025-04-26,2380.37,completed
11029,44,2025-01-10,1346.35,completed
11030,289,2025-01-27,1320.44,completed
11031,458,2025-08-04,651.85,completed
11032,404,2025-12-11,1007.55,completed
11033,463,2025-07-04,1411.91,completed
11034,86,2025-06-12,1810.46,completed
11035,401,2025-02-02,1026.88,completed
11036,490,2025-09-04,2334.11,completed
11037,164,2025-01-21,1102.78,completed
11038,250,2025-11-04,1910.26,completed
11039,266,2025-10-25,778.29,completed
11040,247,2025-12-28,308.34,completed
11041,145,2025-04-14,1323.26,completed
11042,486,2025-03-01,1822.07,completed
11043,479,2025-04-20,1640.48,completed
11044,191,2025-10-19,1473.7,completed
11045,403,2025-03-21,859.19,completed
11046,199,2025-11-20,623.46,completed
11047,398,2025-02-26,1613.58,returned
11048,293,2025-01-18,1478.1,returned
11049,236,2025-03-22,740.53,completed
11050,65,2025-10-03,2384.15,completed
11051,328,2025-08-08,591.11,completed
11052,161,2025-05-10,728.9,completed
11053,109,2025-08-28,3447.82,completed
11054,97,2025-08-25,2014.26,completed
11055,491,2025-07-22,853.54,completed
11056,52,2025-07-07,1340.99,completed
11057,400,2025-02-07,1222.13,completed
11058,434,2025-04-05,160.46,completed
11059,16,2025-07-12,581.42,completed
11060,295,2025-02-19,1058.29,cancelled
11061,289,2025-06-23,854.38,completed
11062,180,2025-02-12,1303.71,completed
11063,334,2025-10-15,2417.86,completed
11064,205,2025-02-07,875.61,completed
11065,220,2025-02-03,523.03,completed
11066,216,2025-08-21,1376.63,completed
11067,401,2025-03-22,872.5,returned
11068,317,2025-05-09,983.14,completed
11069,190,2025-04-25,894.05,completed
11070,464,2025-03-21,5267.37,completed
11071,402,2025-10-06,228.49,returned
11072,467,2025-09-10,835.61,completed
11073,366,2025-03-29,1093.8,returned
11074,196,2025-09-08,634.73,completed
11075,387,2025-09-18,2058.8,completed
11076,165,2025-07-16,1937.75,cancelled
11077,136,2025-07-31,1060.58,completed
11078,226,2025-12-08,907.35,completed
11079,485,2025-06-15,1013.97,returned
11080,284,2025-05-21,1019.07,completed
11081,192,2025-07-16,1038.09,completed
11082,231,2025-11-02,961.41,cancelled
11083,146,2025-09-16,1308.6,cancelled
11084,330,2025-01-28,1857.99,returned
11085,176,2025-06-17,463.51,cancelled
11086,278,2025-09-28,525.6,completed
11087,185,2025-03-23,322.48,cancelled
11088,161,2025-12-27,2011.18,completed
11089,486,2025-10-22,1306.66,completed
11090,173,2025-11-06,1561.95,completed
11091,36,2025-01-30,403.17,cancelled
11092,190,2025-07-31,3825.57,completed
11093,267,2025-07-12,716.09,cancelled
11094,48,2025-08-17,1233.66,completed
11095,153,2025-11-07,1994.34,completed
11096,84,2025-05-09,549.56,completed
11097,251,2025-07-14,748.13,completed
11098,362,2025-09-06,1243.17,completed
11099,485,2025-10-02,8104.96,completed
11100,195,2025-10-09,1353.96,completed
11101,432,2025-05-03,3376.02,completed
11102,108,2025-12-31,2550.31,completed
11103,391,2025-01-04,1418.86,completed
11104,282,2025-06-29,548.71,completed
11105,380,2025-08-11,2302.68,completed
11106,378,2025-01-23,384.26,completed
11107,267,2025-06-14,3363.08,completed
11108,129,2025-08-06,1261.43,completed
11109,264,2025-08-10,171.54,completed
11110,414,2025-02-13,864.06,completed
11111,486,2025-04-12,1733.27,completed
11112,464,2025-03-31,928.98,completed
11113,91,2025-08-22,1808.95,completed
11114,299,2025-05-01,604.85,completed
11115,53,2025-07-28,439.58,returned
11116,335,2025-09-24,1043.14,completed
11117,497,2025-10-19,1121.13,completed
11118,27,2025-03-09,859.31,cancelled
11119,329,2025-11-26,2589.2,completed
11120,473,2025-03-02,604.77,completed
11121,424,2025-01-08,1365.42,cancelled
11122,197,2025-01-17,1150.07,completed
11123,52,2025-03-15,368.82,cancelled
11124,462,2025-11-15,435.58,completed
11125,461,2025-03-17,1105.81,completed
11126,290,2025-09-11,4388.93,completed
11127,490,2025-06-02,1644.99,completed
11128,3,2025-01-15,327.69,returned
11129,309,2025-06-12,124.3,completed
11130,20,2025-01-11,1831.95,completed
11131,468,2025-06-23,1025.21,completed
11132,341,2025-07-23,2437.89,completed
11133,457,2025-07-10,591.99,completed
11134,282,2025-04-14,1401.29,cancelled
11135,42,2025-10-07,1982.91,completed
11136,14,2025-08-06,801.73,cancelled
11137,168,2025-04-03,813.82,completed
11138,372,2025-06-08,1116.2,completed
11139,76,2025-02-09,1603.39,completed
11140,427,2025-12-04,1085.68,completed
11141,120,2025-10-02,2168.51,completed
11142,249,2025-04-16,793.65,completed
11143,102,2025-09-04,432.73,completed
11144,233,2025-09-05,4375.97,cancelled
11145,227,2025-08-11,718.21,cancelled
11146,3,2025-01-20,736.63,returned
11147,284,2025-11-17,1047.27,cancelled
11148,394,2025-12-15,1149.44,completed
11149,469,2025-12-22,836.58,completed
11150,166,2025-12-24,1083.33,cancelled
11151,441,2025-12-06,1066.53,cancelled
11152,440,2025-09-27,1239.39,returned
11153,495,2025-01-21,210.56,completed
11154,187,2025-06-19,4091.28,completed
11155,426,2025-03-31,989.2,returned
11156,283,2025-03-22,1646.55,returned
11157,30,2025-10-31,417.94,completed
11158,136,2025-10-24,788.63,cancelled
11159,337,2025-07-10,684.97,completed
11160,81,2025-09-26,3068.08,returned
11161,218,2025-02-17,727.73,completed
11162,388,2025-03-23,1864.33,cancelled
11163,75,2025-11-11,695.55,completed
11164,249,2025-06-14,798.84,completed
11165,108,2025-07-19,923.45,completed
11166,269,2025-06-18,2693.76,completed
11167,121,2025-03-15,292.1,completed
11168,483,2025-10-29,436.61,returned
11169,39,2025-10-04,280.59,completed
11170,482,2025-09-07,512.22,cancelled
11171,396,2025-05-09,621.34,completed
11172,428,2025-08-23,354.2,completed
11173,426,2025-12-14,655.96,completed
11174,94,2025-08-26,267.66,completed
11175,466,2025-06-30,537.76,completed
11176,298,2025-04-09,2540.95,cancelled
11177,482,2025-07-10,1454.64,cancelled
11178,440,2025-05-16,1250.41,completed
11179,290,2025-08-12,543.51,returned
11180,188,2025-01-17,374.18,completed
11181,59,2025-03-11,494.03,completed
11182,51,2025-10-15,1063.96,completed
11183,195,2025-05-19,2013.69,completed
11184,406,2025-06-08,2062.47,completed
11185,253,2025-07-18,1705.18,completed
11186,241,2025-06-09,654.39,completed
11187,123,2025-10-04,1115.64,completed
11188,283,2025-03-31,875.73,completed
11189,320,2025-10-04,952.57,completed
11190,492,2025-03-18,4564.16,completed
11191,365,2025-05-16,319.45,returned
11192,304,2025-08-03,930.5,completed
11193,456,2025-11-20,2561.18,completed
11194,213,2025-03-26,393.03,completed
11195,468,2025-08-03,698.81,completed
11196,185,2025-01-24,757.23,completed
11197,64,2025-01-28,937.95,returned
11198,209,2025-10-08,358.82,completed
11199,65,2025-09-20,1663.54,completed
11200,60,2025-05-18,1748.3,completed
11201,441,2025-08-16,1565.35,completed
11202,398,2025-05-19,596.3,completed
11203,111,2025-04-12,1165.09,completed
11204,419,2025-06-07,584.29,cancelled
11205,35,2025-04-24,868.86,completed
11206,143,2025-10-25,4951.41,completed
11207,354,2025-05-31,1172.61,completed
11208,152,2025-04-28,477.58,cancelled
11209,366,2025-07-15,1244.18,completed
11210,438,2025-10-04,425.7,completed
11211,34,2025-04-10,473.76,cancelled
11212,12,2025-12-09,529.12,completed
11213,471,2025-06-19,803.5,returned
11214,261,2025-08-30,2113.03,completed
11215,254,2025-12-16,1643.99,completed
11216,232,2025-06-07,1581.45,returned
11217,217,2025-03-14,508.14,completed
11218,346,2025-09-30,750.76,completed
11219,290,2025-01-03,1326.63,completed
11220,82,2025-06-17,706.4,completed
11221,314,2025-12-24,902.48,cancelled
11222,335,2025-06-01,1493.61,completed
11223,57,2025-09-07,859.08,returned
11224,189,2025-07-11,1284.65,completed
11225,396,2025-03-20,3343.96,completed
11226,310,2025-04-26,972.33,completed
11227,69,2025-07-11,2503.73,completed
11228,21,2025-02-08,1622.23,cancelled
11229,291,2025-06-01,392.65,completed
11230,231,2025-06-01,507.0,completed
11231,481,2025-11-01,611.85,completed
11232,262,2025-02-15,602.82,completed
11233,466,2025-11-04,1029.47,returned
11234,108,2025-05-30,1686.23,completed
11235,224,2025-08-26,2640.2,completed
11236,70,2025-07-23,1360.66,completed
11237,288,2025-04-20,802.73,completed
11238,95,2025-12-06,255.3,returned
11239,247,2025-03-23,1152.18,completed
11240,173,2025-01-14,1116.59,completed
11241,93,2025-10-01,1246.44,completed
11242,49,2025-08-15,4790.4,completed
11243,257,2025-11-22,2613.43,returned
11244,474,2025-06-17,1899.87,completed
11245,100,2025-01-07,559.22,completed
11246,203,2025-01-08,765.79,completed
11247,113,2025-06-08,1026.19,returned
11248,405,2025-04-02,637.28,returned
11249,208,2025-12-03,1556.7,completed
11250,488,2025-02-13,1407.87,completed
11251,123,2025-11-18,511.93,completed
11252,41,2025-03-21,2534.55,completed
11253,292,2025-02-13,1178.05,completed
11254,326,2025-04-11,326.9,cancelled
11255,496,2025-02-22,1057.92,returned
11256,436,2025-05-27,1335.21,completed
11257,443,2025-05-01,2166.69,completed
11258,318,2025-07-13,865.9,completed
11259,180,2025-07-16,1957.76,completed
11260,215,2025-01-01,1250.13,completed
11261,67,2025-02-15,436.79,completed
11262,216,2025-03-01,407.23,returned
11263,183,2025-03-13,2406.17,completed
11264,18,2025-02-04,2533.07,cancelled
11265,103,2025-04-25,1374.76,completed
11266,268,2025-07-20,3124.39,completed
11267,185,2025-04-23,2297.61,completed
11268,497,2025-05-01,1769.66,returned
11269,240,2025-06-21,579.45,completed
11270,480,2025-07-20,3684.91,completed
11271,331,2025-05-01,1596.25,completed
11272,21,2025-03-22,837.07,completed
11273,102,2025-05-30,686.92,completed
11274,353,2025-01-09,1312.58,completed
11275,273,2025-06-29,340.45,completed
11276,151,2025-12-10,1789.64,cancelled
11277,262,2025-05-26,562.56,completed
11278,452,2025-02-09,1421.44,completed
11279,195,2025-09-16,761.18,completed
11280,23,2025-02-16,911.33,completed
11281,156,2025-03-12,645.59,returned
11282,468,2025-02-23,979.6,completed
11283,381,2025-11-19,4115.71,completed
11284,419,2025-12-25,2891.53,returned
11285,456,2025-07-27,1405.48,completed
11286,59,2025-08-14,1077.39,completed
11287,142,2025-08-24,1980.18,completed
11288,30,2025-08-11,2418.68,completed
11289,3,2025-07-18,613.47,completed
11290,418,2025-12-27,1038.77,completed
11291,469,2025-09-25,306.32,completed
11292,78,2025-02-02,2407.08,completed
11293,362,2025-05-24,4654.16,returned
11294,268,2025-12-22,1159.86,completed
11295,35,2025-05-28,247.77,completed
11296,458,2025-03-16,1679.45,completed
11297,436,2025-11-13,582.39,completed
11298,284,2025-08-16,689.29,completed
11299,354,2025-07-25,1700.37,completed
11300,199,2025-06-03,1310.53,cancelled
11301,397,2025-02-15,779.24,cancelled
11302,223,2025-05-21,695.95,cancelled
11303,495,2025-06-09,1197.61,completed
11304,32,2025-12-06,823.34,completed
11305,87,2025-04-23,504.48,completed
11306,485,2025-02-24,868.88,completed
11307,145,2025-06-06,1390.91,completed
11308,156,2025-12-30,968.09,completed
11309,396,2025-06-26,407.71,completed
11310,95,2025-05-19,2191.51,completed
11311,257,2025-09-01,161.23,completed
11312,144,2025-08-25,802.35,completed
11313,99,2025-04-20,710.42,completed
11314,483,2025-12-20,1216.49,completed
11315,100,2025-08-05,1624.84,completed
11316,48,2025-01-22,2413.26,completed
11317,337,2025-05-29,666.02,cancelled
11318,434,2025-12-03,1653.43,completed
11319,64,2025-05-24,1257.74,completed
11320,354,2025-07-27,330.94,completed
11321,271,2025-08-12,4147.99,completed
11322,416,2025-09-15,400.56,cancelled
11323,64,2025-11-15,1470.93,completed
11324,488,2025-02-24,1440.83,returned
11325,310,2025-07-08,1330.02,cancelled
11326,422,2025-07-14,775.72,completed
11327,181,2025-02-25,1956.82,completed
11328,472,2025-09-03,367.87,completed
11329,314,2025-02-13,1047.25,completed
11330,64,2025-06-16,738.99,completed
11331,462,2025-05-01,682.59,completed
11332,398,2025-02-26,1480.48,completed
11333,151,2025-10-28,2331.43,completed
11334,273,2025-03-31,862.4,completed
11335,195,2025-04-04,1894.06,completed
11336,272,2025-11-08,1135.49,returned
11337,483,2025-11-17,587.04,completed
11338,450,2025-01-13,915.47,completed
11339,108,2025-04-12,889.23,returned
11340,486,2025-09-16,673.4,completed
11341,219,2025-10-12,1480.21,completed
11342,353,2025-12-31,1292.39,completed
11343,383,2025-07-22,360.16,completed
11344,242,2025-01-03,345.13,cancelled
11345,229,2025-11-15,1476.28,completed
11346,229,2025-02-28,619.74,completed
11347,432,2025-02-14,1354.83,completed
11348,194,2025-09-04,1894.39,completed
11349,140,2025-08-09,450.49,completed
11350,181,2025-01-22,408.27,completed
11351,98,2025-03-03,3540.78,completed
11352,196,2025-08-04,1402.62,completed
11353,58,2025-04-04,817.73,completed
11354,45,2025-09-07,570.35,cancelled
11355,362,2025-05-31,767.16,completed
11356,39,2025-08-03,476.56,completed
11357,285,2025-06-23,2035.28,completed
11358,390,2025-05-14,636.68,cancelled
11359,363,2025-05-05,2357.78,completed
11360,224,2025-09-12,828.45,cancelled
11361,97,2025-07-07,528.3,completed
11362,466,2025-08-05,813.7,cancelled
11363,418,2025-07-30,174.7,cancelled
11364,307,2025-03-17,1007.74,completed
11365,44,2025-11-30,973.52,completed
11366,18,2025-07-25,1953.39,completed
11367,158,2025-09-20,292.83,completed
11368,79,2025-11-18,2473.29,completed
11369,431,2025-12-04,1947.73,completed
11370,103,2025-09-01,2634.45,returned
11371,142,2025-10-15,1056.9,completed
11372,488,2025-06-22,2229.94,completed
11373,410,2025-09-27,391.56,completed
11374,110,2025-04-28,1806.48,completed
11375,192,2025-09-17,639.18,completed
11376,258,2025-02-01,345.16,completed
11377,333,2025-11-30,499.25,completed
11378,469,2025-03-31,1100.89,returned
11379,436,2025-08-28,615.84,completed
11380,489,2025-01-05,1426.89,returned
11381,21,2025-02-26,309.28,completed
11382,119,2025-12-27,247.41,completed
11383,282,2025-11-01,2866.0,completed
11384,25,2025-03-23,2064.53,completed
11385,178,2025-02-17,526.1,cancelled
11386,77,2025-10-25,1094.33,completed
11387,467,2025-12-28,2238.71,completed
11388,32,2025-03-03,1470.62,cancelled
11389,75,2025-08-31,1216.53,completed
11390,98,2025-04-14,2360.45,cancelled
11391,75,2025-09-29,657.54,completed
11392,285,2025-06-02,1120.83,cancelled
11393,183,2025-02-15,1083.02,completed
11394,457,2025-04-29,906.02,completed
11395,131,2025-07-16,834.75,completed
11396,269,2025-10-19,1154.02,completed
11397,331,2025-01-08,1123.37,returned
11398,313,2025-12-16,526.42,completed
11399,399,2025-08-26,1922.26,completed
11400,101,2025-11-16,553.65,completed
11401,254,2025-12-06,941.28,cancelled
11402,401,2025-02-26,891.86,completed
11403,432,2025-02-04,1409.05,cancelled
11404,309,2025-10-11,248.79,completed
11405,326,2025-03-10,2045.99,cancelled
11406,433,2025-02-24,682.73,completed
11407,313,2025-06-21,2575.95,completed
11408,475,2025-11-30,784.69,completed
11409,64,2025-10-18,1059.77,completed
11410,174,2025-07-09,4186.63,returned
11411,57,2025-03-13,903.13,returned
11412,46,2025-05-03,2610.23,completed
11413,236,2025-09-09,1127.02,returned
11414,113,2025-02-27,1466.73,completed
11415,204,2025-07-11,1151.67,completed
11416,219,2025-01-05,1985.24,completed
11417,311,2025-04-29,678.67,completed
11418,473,2025-04-01,550.69,completed
11419,425,2025-09-06,701.34,completed
11420,190,2025-11-30,1175.91,completed
11421,163,2025-02-23,939.57,completed
11422,386,2025-10-19,1802.97,cancelled
11423,62,2025-08-28,2733.43,completed
11424,271,2025-12-20,553.86,completed
11425,212,2025-11-29,656.05,completed
11426,92,2025-02-06,401.27,completed
11427,309,2025-09-29,4542.63,completed
11428,161,2025-08-05,1357.32,completed
11429,93,2025-02-11,1534.35,completed
11430,327,2025-04-04,429.17,completed
11431,88,2025-12-05,1095.74,cancelled
11432,337,2025-07-18,1566.3,returned
11433,82,2025-05-04,918.8,completed
11434,218,2025-04-27,2328.53,returned
11435,404,2025-11-02,5531.87,returned
11436,115,2025-04-14,565.13,completed
11437,384,2025-02-27,536.22,completed
11438,361,2025-07-29,593.22,completed
11439,452,2025-12-29,3375.64,completed
11440,85,2025-03-08,2274.8,completed
11441,358,2025-04-04,997.38,returned
11442,469,2025-06-21,1125.06,completed
11443,382,2025-03-14,619.19,completed
11444,94,2025-08-26,2044.73,completed
11445,412,2025-04-03,840.56,completed
11446,54,2025-02-16,914.11,completed
11447,295,2025-04-06,1679.33,cancelled
11448,249,2025-12-06,961.41,completed
11449,266,2025-12-08,930.32,completed
11450,260,2025-07-04,1104.78,completed
11451,16,2025-05-27,1913.61,completed
11452,255,2025-10-27,3472.21,completed
11453,469,2025-03-12,1652.16,completed
11454,219,2025-08-27,1924.3,completed
11455,139,2025-09-06,953.46,completed
11456,498,2025-09-17,668.17,cancelled
11457,50,2025-03-21,1733.31,completed
11458,244,2025-09-19,1236.29,completed
11459,257,2025-08-12,405.11,completed
11460,239,2025-11-16,871.62,returned
11461,461,2025-03-05,1034.81,completed
11462,211,2025-08-12,767.15,completed
11463,487,2025-10-30,3093.98,completed
11464,34,2025-04-12,1534.39,completed
11465,367,2025-09-29,2867.58,completed
11466,297,2025-02-06,1318.69,completed
11467,121,2025-09-20,1160.92,completed
11468,114,2025-08-10,569.29,completed
11469,360,2025-03-12,1105.83,completed
11470,319,2025-01-25,1106.7,completed
11471,306,2025-09-30,421.16,completed
11472,26,2025-03-30,751.7,completed
11473,299,2025-07-01,874.54,completed
11474,491,2025-01-23,1464.74,completed
11475,9,2025-12-18,1514.66,completed
11476,235,2025-07-20,730.02,completed
11477,248,2025-12-07,1522.65,completed
11478,449,2025-02-28,965.4,returned
11479,142,2025-03-17,147.12,cancelled
11480,238,2025-08-11,781.1,completed
11481,359,2025-08-09,2333.89,completed
11482,31,2025-10-16,337.9,completed
11483,401,2025-12-05,1186.64,completed
11484,412,2025-10-27,3326.52,completed
11485,360,2025-02-21,643.92,cancelled
11486,325,2025-04-23,1098.28,cancelled
11487,374,2025-11-30,440.18,completed
11488,391,2025-07-20,3425.7,completed
11489,452,2025-11-13,1034.49,completed
11490,215,2025-07-25,1133.02,completed
11491,229,2025-01-19,2829.94,completed
11492,319,2025-06-22,1742.43,returned
11493,97,2025-10-29,594.11,cancelled
11494,429,2025-08-28,697.08,completed
11495,386,2025-02-18,1550.68,completed
11496,316,2025-03-18,708.48,completed
11497,151,2025-11-08,249.12,cancelled
11498,174,2025-12-24,1056.52,completed
11499,218,2025-10-02,389.11,completed
11500,332,2025-02-05,3399.55,completed
11501,390,2025-08-15,1241.1,completed
11502,336,2025-10-30,581.95,completed
11503,465,2025-08-22,672.47,completed
11504,481,2025-08-05,292.2,completed
11505,353,2025-06-20,507.95,cancelled
11506,186,2025-03-31,2233.73,completed
11507,300,2025-04-13,5230.44,completed
11508,213,2025-09-30,1823.44,completed
11509,315,2025-01-26,1028.21,completed
11510,407,2025-01-31,810.48,completed
11511,185,2025-05-25,561.41,completed
11512,253,2025-10-10,4637.06,completed
11513,23,2025-08-28,960.91,cancelled
11514,369,2025-08-04,4821.98,completed
11515,245,2025-07-14,2908.71,completed
11516,230,2025-02-10,324.23,completed
11517,267,2025-05-02,688.03,completed
11518,108,2025-01-30,686.54,completed
11519,299,2025-10-04,1037.02,cancelled
11520,373,2025-10-02,1051.3,cancelled
11521,175,2025-04-05,8931.75,cancelled
11522,66,2025-04-17,515.91,completed
11523,194,2025-04-26,1287.27,completed
11524,100,2025-11-21,1688.43,cancelled
11525,187,2025-06-28,1095.43,completed
11526,314,2025-10-06,1184.56,completed
11527,57,2025-06-13,527.76,cancelled
11528,374,2025-09-12,1181.5,completed
11529,113,2025-07-12,1568.66,completed
11530,448,2025-04-12,1379.28,cancelled
11531,367,2025-11-16,1634.58,completed
11532,137,2025-09-16,2947.83,completed
11533,282,2025-10-08,2113.03,completed
11534,56,2025-12-13,1152.75,returned
11535,50,2025-04-01,482.88,completed
11536,479,2025-02-03,720.54,completed
11537,402,2025-08-01,940.36,completed
11538,78,2025-04-30,1308.51,completed
11539,142,2025-06-09,784.59,completed
11540,99,2025-03-27,569.63,completed
11541,198,2025-05-26,477.36,completed
11542,146,2025-05-24,345.22,completed
11543,165,2025-05-08,930.33,completed
11544,265,2025-09-28,391.99,completed
11545,95,2025-08-05,544.37,completed
11546,442,2025-06-23,832.36,cancelled
11547,364,2025-02-11,430.46,completed
11548,381,2025-07-28,1430.57,completed
11549,85,2025-03-05,1841.17,completed
11550,355,2025-04-25,746.5,completed
11551,419,2025-06-01,807.61,completed
11552,88,2025-02-21,1597.51,completed
11553,376,2025-05-23,665.28,completed
11554,179,2025-04-08,634.02,completed
11555,394,2025-11-07,2533.99,returned
11556,240,2025-11-10,2036.38,completed
11557,402,2025-01-02,1670.85,completed
11558,74,2025-08-08,2096.35,completed
11559,195,2025-08-22,274.76,completed
11560,137,2025-05-18,2829.02,completed
11561,125,2025-06-21,1442.95,completed
11562,155,2025-10-16,2225.08,completed
11563,192,2025-05-18,1438.01,completed
11564,64,2025-01-24,1134.84,completed
11565,354,2025-05-16,904.41,completed
11566,276,2025-04-03,1418.0,completed
11567,415,2025-05-20,881.63,returned
11568,353,2025-03-25,2013.27,cancelled
11569,75,2025-02-24,361.22,completed
11570,35,2025-12-26,750.62,completed
11571,212,2025-02-17,4588.81,completed
11572,241,2025-09-15,707.5,cancelled
11573,121,2025-09-19,927.9,returned
11574,392,2025-08-14,591.22,cancelled
11575,291,2025-11-29,1387.27,completed
11576,374,2025-01-02,654.99,completed
11577,55,2025-04-21,963.02,cancelled
11578,408,2025-03-09,1986.65,completed
11579,104,2025-07-30,672.41,completed
11580,225,2025-08-20,1904.6,completed
11581,220,2025-11-24,1949.95,completed
11582,411,2025-05-19,2294.96,completed
11583,139,2025-03-28,1210.0,completed
11584,121,2025-12-04,10602.88,cancelled
11585,170,2025-09-03,2294.28,returned
11586,181,2025-10-07,1376.66,cancelled
11587,91,2025-06-12,593.98,completed
11588,89,2025-06-13,1024.6,completed
11589,116,2025-05-23,2976.28,completed
11590,234,2025-10-01,3628.86,cancelled
11591,172,2025-03-18,3086.62,completed
11592,197,2025-12-23,1900.05,returned
11593,360,2025-03-06,455.34,completed
11594,121,2025-06-18,1542.27,completed
11595,455,2025-04-25,459.9,cancelled
11596,376,2025-08-23,387.13,completed
11597,88,2025-09-06,1296.48,returned
11598,157,2025-12-02,1581.67,completed
11599,92,2025-10-16,2063.92,completed
11600,137,2025-04-01,1553.08,completed
11601,183,2025-03-17,1590.99,cancelled
11602,66,2025-11-20,550.45,completed
11603,8,2025-06-28,1018.94,completed
11604,220,2025-02-05,381.85,cancelled
11605,351,2025-10-29,269.79,completed
11606,152,2025-08-25,1841.71,cancelled
11607,431,2025-01-10,647.3,returned
11608,185,2025-10-13,2019.79,completed
11609,451,2025-08-10,2382.35,completed
11610,118,2025-08-13,710.86,completed
11611,270,2025-11-12,1657.75,completed
11612,382,2025-06-30,690.34,completed
11613,30,2025-06-18,301.23,cancelled
11614,466,2025-08-14,1195.5,completed
11615,183,2025-03-14,788.7,completed
11616,249,2025-02-25,805.88,completed
11617,315,2025-11-04,4370.97,completed
11618,322,2025-03-20,376.87,cancelled
11619,12,2025-07-04,1433.69,returned
11620,434,2025-04-09,546.55,completed
11621,312,2025-03-26,2070.99,completed
11622,500,2025-08-07,1351.41,returned
11623,236,2025-10-20,1430.16,completed
11624,307,2025-06-11,565.99,completed
11625,221,2025-02-20,641.68,returned
11626,445,2025-03-31,2098.7,cancelled
11627,417,2025-03-02,3787.87,completed
11628,455,2025-11-19,1534.89,completed
11629,253,2025-04-27,585.11,cancelled
11630,396,2025-05-17,1390.28,completed
11631,180,2025-01-26,5998.29,completed
11632,231,2025-06-12,1178.14,cancelled
11633,381,2025-11-30,3051.2,completed
11634,41,2025-05-30,653.13,completed
11635,356,2025-08-26,1064.8,completed
11636,8,2025-03-08,1692.05,completed
11637,291,2025-02-22,1448.28,completed
11638,239,2025-09-25,641.32,completed
11639,235,2025-01-24,622.25,completed
11640,248,2025-06-13,2190.31,cancelled
11641,246,2025-04-26,2525.23,completed
11642,204,2025-01-06,3160.55,completed
11643,226,2025-07-13,3876.75,completed
11644,285,2025-12-18,1205.0,completed
11645,382,2025-01-26,881.97,cancelled
11646,277,2025-10-25,2823.39,completed
11647,322,2025-07-16,1806.5,completed
11648,419,2025-09-22,551.3,cancelled
11649,495,2025-02-05,531.9,completed
11650,55,2025-11-14,1547.43,completed
11651,357,2025-01-05,968.65,cancelled
11652,113,2025-11-27,1076.53,completed
11653,99,2025-08-29,2323.37,completed
11654,397,2025-05-04,1865.58,cancelled
11655,35,2025-01-03,2781.96,returned
11656,424,2025-08-11,283.7,completed
11657,386,2025-02-01,1309.47,cancelled
11658,498,2025-08-11,1783.41,completed
11659,334,2025-10-10,376.68,completed
11660,437,2025-04-08,693.38,returned
11661,60,2025-03-29,608.9,completed
11662,445,2025-03-23,1113.42,cancelled
11663,81,2025-03-24,3427.2,completed
11664,158,2025-02-11,4517.95,completed
11665,65,2025-04-02,620.17,completed
11666,201,2025-08-29,1585.4,cancelled
11667,375,2025-04-21,1621.58,completed
11668,135,2025-10-13,1438.47,completed
11669,412,2025-10-27,1449.95,completed
11670,304,2025-10-05,1356.44,completed
11671,315,2025-07-16,3573.49,completed
11672,470,2025-04-26,2372.56,completed
11673,216,2025-12-06,522.12,completed
11674,173,2025-03-16,1914.1,completed
11675,498,2025-06-19,2048.09,completed
11676,279,2025-06-15,1367.14,completed
11677,308,2025-09-30,2421.15,returned
11678,149,2025-07-19,1250.94,cancelled
11679,108,2025-10-19,1261.84,completed
11680,85,2025-12-02,1193.77,completed
11681,112,2025-05-23,266.99,completed
11682,98,2025-11-16,1036.62,returned
11683,374,2025-03-03,686.92,completed
11684,29,2025-12-01,477.94,completed
11685,315,2025-03-06,2992.35,cancelled
11686,475,2025-11-07,1560.79,completed
11687,383,2025-05-23,1073.97,completed
11688,202,2025-12-19,738.51,completed
11689,30,2025-02-17,1349.27,completed
11690,418,2025-06-19,2195.15,completed
11691,2,2025-11-26,614.69,returned
11692,341,2025-01-18,1092.93,completed
11693,336,2025-04-07,2013.53,completed
11694,96,2025-01-31,282.82,cancelled
11695,370,2025-04-28,1053.32,cancelled
11696,88,2025-05-23,812.0,completed
11697,113,2025-08-14,998.56,completed
11698,406,2025-04-05,771.9,completed
11699,490,2025-02-27,1207.54,completed
11700,133,2025-03-04,4215.57,completed
11701,461,2025-12-09,874.15,completed
11702,457,2025-12-14,1345.07,returned
11703,385,2025-03-22,4430.74,completed
11704,71,2025-03-13,746.2,completed
11705,150,2025-01-20,3906.01,completed
11706,339,2025-12-17,1100.73,returned
11707,500,2025-09-15,3817.41,completed
11708,408,2025-10-05,1854.07,completed
11709,211,2025-04-17,1359.64,completed
11710,118,2025-08-22,1047.39,completed
11711,481,2025-01-22,708.51,completed
11712,139,2025-09-04,1156.39,returned
11713,172,2025-07-31,2055.25,completed
11714,483,2025-05-01,1086.61,completed
11715,281,2025-09-17,878.63,completed
11716,133,2025-08-24,920.07,completed
11717,3,2025-06-10,2196.75,completed
11718,215,2025-03-10,2585.34,completed
11719,494,2025-01-09,687.45,completed
11720,217,2025-12-09,686.76,completed
11721,350,2025-04-13,1430.17,cancelled
11722,127,2025-04-21,3194.78,completed
11723,388,2025-09-06,2445.96,cancelled
11724,388,2025-04-04,456.55,completed
11725,305,2025-05-18,911.55,completed
11726,386,2025-09-17,571.68,completed
11727,290,2025-08-06,909.36,completed
11728,190,2025-08-28,3371.41,cancelled
11729,369,2025-01-02,405.12,completed
11730,418,2025-06-14,353.12,completed
11731,421,2025-06-23,614.01,cancelled
11732,107,2025-08-19,1340.93,completed
11733,339,2025-02-25,1693.46,completed
11734,3,2025-02-28,1489.53,completed
11735,286,2025-10-06,2497.34,cancelled
11736,286,2025-09-03,319.21,completed
11737,182,2025-10-24,2519.55,completed
11738,498,2025-04-09,881.42,cancelled
11739,442,2025-12-31,1829.95,completed
11740,20,2025-04-10,434.24,returned
11741,105,2025-08-26,1100.44,cancelled
11742,104,2025-03-01,1293.87,completed
11743,449,2025-12-02,2462.73,returned
11744,260,2025-05-02,361.52,completed
11745,365,2025-10-20,1120.5,completed
11746,405,2025-05-01,513.03,completed
11747,384,2025-10-16,1562.2,completed
11748,45,2025-06-15,1889.47,completed
11749,71,2025-01-23,2700.03,completed
11750,198,2025-03-11,754.07,completed
11751,170,2025-09-07,2098.67,completed
11752,374,2025-03-12,2843.05,completed
11753,79,2025-04-11,347.14,cancelled
11754,186,2025-07-17,1683.52,completed
11755,119,2025-04-03,2145.14,completed
11756,95,2025-02-17,914.97,completed
11757,87,2025-08-16,469.87,completed
11758,98,2025-09-09,2121.9,completed
11759,283,2025-09-25,473.59,completed
11760,206,2025-12-11,967.92,completed
11761,218,2025-02-15,1066.26,cancelled
11762,240,2025-06-05,1809.63,completed
11763,371,2025-03-27,707.23,completed
11764,431,2025-11-25,679.12,completed
11765,264,2025-07-17,1175.26,completed
11766,322,2025-02-05,2218.25,completed
11767,370,2025-09-10,5438.26,completed
11768,346,2025-01-16,381.75,completed
11769,68,2025-04-11,1367.5,completed
11770,492,2025-09-21,512.56,completed
11771,83,2025-07-04,2237.62,completed
11772,206,2025-10-05,568.51,returned
11773,327,2025-07-28,683.86,completed
11774,202,2025-11-04,725.97,completed
11775,122,2025-07-25,1039.67,completed
11776,462,2025-01-21,1375.04,completed
11777,36,2025-01-27,1538.54,completed
11778,123,2025-10-11,1092.21,completed
11779,497,2025-01-15,432.28,completed
11780,365,2025-05-18,1825.21,completed
11781,44,2025-01-06,1056.72,completed
11782,378,2025-04-21,2473.07,completed
11783,485,2025-08-06,668.2,completed
11784,49,2025-03-05,357.24,completed
11785,208,2025-06-20,1070.82,completed
11786,235,2025-12-30,2716.68,completed
11787,66,2025-01-26,1227.41,completed
11788,101,2025-01-24,953.59,completed
11789,87,2025-04-10,596.31,returned
11790,93,2025-10-29,3753.47,completed
11791,202,2025-05-29,533.4,completed
11792,232,2025-08-22,659.99,completed
11793,119,2025-01-13,1634.39,completed
11794,145,2025-09-26,299.1,completed
11795,97,2025-01-25,2676.36,completed
11796,399,2025-09-17,1697.54,cancelled
11797,106,2025-02-23,2057.94,completed
11798,454,2025-11-10,1620.81,cancelled
11799,270,2025-04-19,979.67,completed
11800,402,2025-03-09,521.02,completed
11801,319,2025-05-03,994.21,completed
11802,134,2025-01-01,554.09,completed
11803,301,2025-03-02,1541.19,completed
11804,138,2025-08-07,1928.98,completed
11805,60,2025-04-20,3083.33,completed
11806,128,2025-05-10,1422.59,completed
11807,138,2025-10-22,2094.78,completed
11808,68,2025-02-15,890.69,completed
11809,12,2025-05-25,784.63,completed
11810,472,2025-03-09,1527.78,returned
11811,257,2025-06-26,836.7,completed
11812,202,2025-05-02,1324.02,completed
11813,465,2025-01-17,521.74,completed
11814,113,2025-01-26,591.62,completed
11815,202,2025-11-08,1710.92,completed
11816,424,2025-01-21,2039.96,completed
11817,317,2025-10-13,550.07,completed
11818,200,2025-12-01,1753.61,completed
11819,128,2025-06-20,755.28,completed
11820,18,2025-04-24,1109.38,returned
11821,43,2025-10-11,2956.79,returned
11822,81,2025-12-25,1929.93,completed
11823,394,2025-02-13,1914.31,completed
11824,320,2025-12-18,4172.01,completed
11825,217,2025-12-11,670.0,completed
11826,392,2025-02-22,549.98,completed
11827,81,2025-01-20,661.5,completed
11828,106,2025-09-18,917.68,completed
11829,197,2025-01-29,210.99,completed
11830,459,2025-08-08,948.42,completed
11831,308,2025-01-24,749.05,returned
11832,426,2025-09-10,1898.14,cancelled
11833,125,2025-03-26,1403.46,completed
11834,425,2025-02-05,720.19,completed
11835,37,2025-01-25,1657.35,completed
11836,114,2025-03-10,1819.44,completed
11837,262,2025-07-17,640.35,completed
11838,26,2025-01-28,776.57,cancelled
11839,430,2025-10-20,230.96,completed
11840,434,2025-08-09,511.09,completed
11841,271,2025-04-19,652.15,returned
11842,153,2025-12-27,1155.07,completed
11843,50,2025-08-29,565.8,completed
11844,310,2025-09-03,765.54,completed
11845,269,2025-03-05,465.11,completed
11846,380,2025-09-17,1236.18,completed
11847,302,2025-07-24,1477.34,completed
11848,65,2025-12-26,1453.39,completed
11849,61,2025-06-24,1106.16,completed
11850,391,2025-09-05,372.88,completed
11851,80,2025-05-05,710.55,completed
11852,470,2025-01-15,824.59,cancelled
11853,53,2025-02-16,826.91,completed
11854,365,2025-11-13,1155.73,completed
11855,488,2025-09-27,2974.64,cancelled
11856,221,2025-05-14,1936.17,completed
11857,29,2025-09-12,549.35,completed
11858,439,2025-01-02,1763.19,cancelled
11859,94,2025-01-14,1716.79,completed
11860,264,2025-07-05,623.75,completed
11861,493,2025-08-17,1986.65,completed
11862,373,2025-12-09,980.18,completed
11863,24,2025-10-05,408.72,cancelled
11864,411,2025-04-04,1508.15,completed
11865,81,2025-10-25,1276.49,completed
11866,375,2025-06-29,935.07,completed
11867,311,2025-10-29,1068.26,completed
11868,144,2025-03-05,662.91,completed
11869,212,2025-01-10,1680.91,completed
11870,59,2025-01-22,1063.78,completed
11871,494,2025-12-28,1232.15,completed
11872,120,2025-01-30,1408.1,completed
11873,155,2025-12-09,488.72,completed
11874,252,2025-09-23,586.4,completed
11875,337,2025-02-23,233.47,completed
11876,253,2025-11-12,1628.35,completed
11877,253,2025-02-22,469.4,completed
11878,292,2025-02-22,1203.27,completed
11879,429,2025-07-30,1421.82,completed
11880,198,2025-04-16,1671.78,completed
11881,417,2025-04-17,472.1,cancelled
11882,394,2025-03-13,1047.74,completed
11883,481,2025-08-10,3530.51,completed
11884,457,2025-01-10,3641.02,completed
11885,400,2025-03-31,2188.84,completed
11886,124,2025-07-22,1388.87,completed
11887,388,2025-06-27,542.63,completed
11888,369,2025-09-13,1813.54,completed
11889,145,2025-03-20,981.8,cancelled
11890,339,2025-08-25,1623.55,completed
11891,127,2025-10-05,704.16,completed
11892,262,2025-05-22,971.6,completed
11893,399,2025-04-04,1230.16,completed
11894,95,2025-07-22,1302.96,cancelled
11895,169,2025-07-31,1549.37,returned
11896,398,2025-02-04,731.11,completed
11897,227,2025-07-26,428.25,completed
11898,481,2025-02-26,3419.84,completed
11899,4,2025-07-27,6263.4,completed
11900,361,2025-12-07,1499.96,completed
11901,408,2025-07-16,434.07,completed
11902,459,2025-10-05,638.27,completed
11903,79,2025-04-24,1566.16,completed
11904,493,2025-12-03,2803.94,completed
11905,197,2025-10-24,469.18,completed
11906,177,2025-12-01,1005.23,completed
11907,178,2025-09-28,1257.84,cancelled
11908,320,2025-08-26,2008.62,completed
11909,330,2025-07-11,862.19,completed
11910,237,2025-12-05,366.99,completed
11911,36,2025-11-06,1693.98,completed
11912,494,2025-06-02,2409.94,completed
11913,112,2025-02-01,1035.03,completed
11914,47,2025-01-02,1456.32,completed
11915,299,2025-03-27,786.71,completed
11916,207,2025-01-23,606.65,cancelled
11917,308,2025-03-19,2249.58,completed
11918,438,2025-02-09,1438.34,completed
11919,49,2025-12-25,1545.74,completed
11920,143,2025-02-04,3138.44,completed
11921,259,2025-08-17,524.06,cancelled
11922,394,2025-05-09,745.15,cancelled
11923,301,2025-03-05,1224.83,completed
11924,192,2025-09-13,738.77,completed
11925,306,2025-12-21,1897.32,completed
11926,490,2025-10-16,961.81,completed
11927,241,2025-12-22,547.43,completed
11928,442,2025-08-04,1148.3,completed
11929,390,2025-09-03,1235.51,completed
11930,151,2025-02-23,2109.65,completed
11931,125,2025-11-08,1444.04,completed
11932,386,2025-09-30,1514.44,completed
11933,104,2025-04-03,1372.25,completed
11934,169,2025-05-10,961.26,completed
11935,118,2025-08-11,664.24,cancelled
11936,304,2025-01-05,1342.36,returned
11937,148,2025-10-26,868.54,completed
11938,330,2025-04-13,3579.13,completed
11939,468,2025-01-28,2806.03,completed
11940,415,2025-05-01,1707.84,returned
11941,474,2025-11-02,1429.28,completed
11942,13,2025-04-11,1031.15,completed
11943,228,2025-07-16,453.6,completed
11944,111,2025-10-24,942.64,completed
11945,459,2025-01-13,1177.3,completed
11946,356,2025-10-05,1287.71,cancelled
11947,161,2025-04-16,1523.36,cancelled
11948,282,2025-09-11,2090.02,completed
11949,303,2025-03-10,675.53,completed
11950,248,2025-02-20,679.83,completed
11951,238,2025-10-15,3027.82,returned
11952,28,2025-10-22,1881.24,completed
11953,227,2025-12-25,834.19,completed
11954,175,2025-09-05,1017.35,completed
11955,410,2025-06-20,1020.55,completed
11956,433,2025-03-13,1121.14,completed
11957,376,2025-04-18,1526.72,completed
11958,16,2025-08-25,6467.18,cancelled
11959,421,2025-05-07,1252.42,cancelled
11960,199,2025-06-26,1743.79,cancelled
11961,209,2025-03-03,336.79,completed
11962,473,2025-06-10,781.0,completed
11963,434,2025-03-28,2591.96,completed
11964,26,2025-02-10,1453.34,completed
11965,180,2025-02-18,50.79,completed
11966,375,2025-07-09,1757.8,completed
11967,270,2025-05-14,4199.48,completed
11968,129,2025-02-06,271.2,completed
11969,263,2025-07-07,3176.61,completed
11970,434,2025-03-01,157.53,completed
11971,112,2025-01-06,2114.55,completed
11972,374,2025-02-18,1090.01,completed
11973,368,2025-06-13,211.67,cancelled
11974,443,2025-12-15,1498.61,completed
11975,149,2025-03-30,2454.28,completed
11976,108,2025-04-14,1414.77,cancelled
11977,274,2025-03-30,1651.4,cancelled
11978,266,2025-05-10,822.07,cancelled
11979,205,2025-09-19,297.98,cancelled
11980,390,2025-04-28,1779.89,returned
11981,400,2025-08-29,3732.48,completed
11982,123,2025-11-24,2418.03,returned
11983,398,2025-12-12,272.73,returned
11984,116,2025-07-25,379.77,completed
11985,204,2025-09-18,606.57,cancelled
11986,14,2025-12-02,359.57,cancelled
11987,171,2025-10-15,1131.09,completed
11988,480,2025-04-20,1444.32,cancelled
11989,222,2025-02-18,402.95,completed
11990,356,2025-02-11,1889.35,completed
11991,54,2025-11-18,1670.32,completed
11992,318,2025-07-23,747.17,completed
11993,186,2025-04-19,971.88,cancelled
11994,372,2025-05-07,280.1,cancelled
11995,465,2025-04-13,869.06,completed
11996,266,2025-10-20,1102.32,returned
11997,52,2025-08-12,1234.13,completed
11998,239,2025-11-17,1429.69,returned
11999,62,2025-04-21,1301.11,completed
12000,225,2025-06-22,911.38,completed
12001,31,2025-02-14,1339.88,completed
12002,321,2025-12-21,2211.49,completed
12003,156,2025-07-06,1025.72,completed
12004,101,2025-07-21,1369.66,completed
12005,9,2025-05-31,962.64,completed
12006,445,2025-04-09,697.34,completed
12007,419,2025-12-13,1581.32,completed
12008,406,2025-06-28,743.48,completed
12009,30,2025-09-04,1436.99,completed
12010,175,2025-01-14,1118.54,completed
12011,486,2025-04-11,886.47,completed
12012,290,2025-10-21,871.57,completed
12013,65,2025-02-02,768.4,completed
12014,71,2025-02-07,346.52,completed
12015,132,2025-10-23,1433.72,cancelled
12016,487,2025-04-23,1289.59,completed
12017,85,2025-04-10,1987.77,cancelled
12018,452,2025-07-26,755.95,returned
12019,340,2025-03-13,4133.04,completed
12020,461,2025-01-16,840.66,completed
12021,414,2025-01-02,594.32,completed
12022,167,2025-01-29,546.98,completed
12023,414,2025-02-27,325.79,completed
12024,85,2025-09-12,3206.19,completed
12025,146,2025-04-19,2863.35,cancelled
12026,106,2025-01-27,1669.9,returned
12027,67,2025-01-06,585.66,completed
12028,46,2025-06-24,3896.71,completed
12029,94,2025-11-03,857.31,completed
12030,61,2025-05-04,908.4,completed
12031,191,2025-01-24,2999.14,cancelled
12032,36,2025-03-25,1739.3,completed
12033,31,2025-07-02,5119.3,completed
12034,495,2025-03-10,1305.19,completed
12035,44,2025-12-24,830.54,completed
12036,38,2025-10-06,714.61,completed
12037,16,2025-05-06,301.0,completed
12038,67,2025-12-14,902.33,completed
12039,264,2025-04-29,2443.57,completed
12040,414,2025-02-21,1667.67,cancelled
12041,368,2025-12-09,1112.33,completed
12042,291,2025-12-17,546.51,completed
12043,43,2025-04-25,1285.38,completed
12044,388,2025-08-06,2228.25,completed
12045,19,2025-03-05,1482.53,cancelled
12046,316,2025-08-23,1232.39,completed
12047,205,2025-09-09,627.74,completed
12048,442,2025-09-17,2012.29,completed
12049,154,2025-07-27,122.45,completed
12050,320,2025-09-15,1433.67,returned
12051,220,2025-07-22,6629.11,completed
12052,262,2025-10-27,381.51,completed
12053,470,2025-03-07,926.15,completed
12054,357,2025-06-26,1090.58,completed
12055,208,2025-06-01,793.29,completed
12056,224,2025-07-14,2265.3,completed
12057,353,2025-02-21,1526.47,completed
12058,174,2025-04-29,1220.01,completed
12059,84,2025-12-15,1916.18,cancelled
12060,234,2025-02-08,1109.57,completed
12061,35,2025-08-20,10156.87,completed
12062,85,2025-08-31,1219.19,completed
12063,211,2025-06-23,1257.27,completed
12064,399,2025-01-13,331.18,completed
12065,391,2025-01-13,749.63,completed
12066,131,2025-04-11,2448.34,completed
12067,211,2025-02-07,430.6,completed
12068,77,2025-02-04,242.19,completed
12069,378,2025-02-28,1121.72,completed
12070,124,2025-03-11,2862.7,cancelled
12071,400,2025-11-03,1129.65,cancelled
12072,422,2025-08-22,866.72,completed
12073,345,2025-01-12,298.59,returned
12074,166,2025-08-18,1505.04,completed
12075,477,2025-02-19,1742.18,completed
12076,344,2025-06-03,315.07,cancelled
12077,323,2025-01-14,2426.42,completed
12078,429,2025-02-02,1874.29,completed
12079,441,2025-02-18,2422.66,completed
12080,39,2025-06-08,1649.9,completed
12081,441,2025-06-19,1732.95,completed
12082,383,2025-05-09,1578.93,completed
12083,104,2025-08-15,2014.11,completed
12084,154,2025-09-20,307.01,completed
12085,377,2025-09-23,383.47,completed
12086,109,2025-07-31,655.1,completed
12087,227,2025-07-19,1001.37,cancelled
12088,345,2025-06-29,1438.99,completed
12089,326,2025-03-28,1376.47,completed
12090,455,2025-06-27,2397.0,completed
12091,56,2025-01-04,2450.25,completed
12092,148,2025-12-19,595.46,completed
12093,493,2025-05-16,1295.96,completed
12094,285,2025-10-04,605.78,completed
12095,125,2025-12-16,961.24,completed
12096,145,2025-07-01,1373.69,returned
12097,170,2025-11-11,100.88,completed
12098,278,2025-06-24,5930.54,completed
12099,143,2025-02-18,1630.25,completed
12100,311,2025-01-10,722.71,completed
12101,223,2025-02-19,4226.62,completed
12102,306,2025-12-11,859.88,returned
12103,78,2025-06-23,1203.23,cancelled
12104,312,2025-04-27,779.79,returned
12105,463,2025-06-12,3485.6,completed
12106,68,2025-04-04,1018.93,completed
12107,164,2025-11-14,1217.6,completed
12108,347,2025-12-31,2546.94,returned
12109,309,2025-01-31,1651.76,completed
12110,338,2025-09-20,1055.7,completed
12111,280,2025-05-03,2385.76,completed
12112,342,2025-01-18,6483.0,completed
12113,305,2025-12-03,1369.48,cancelled
12114,38,2025-01-23,1190.03,completed
12115,376,2025-03-17,1235.76,completed
12116,224,2025-01-10,2744.35,completed
12117,26,2025-06-22,720.94,completed
12118,205,2025-08-07,902.51,completed
12119,218,2025-04-28,373.83,completed
12120,44,2025-01-27,478.8,completed
12121,499,2025-02-12,763.22,completed
12122,112,2025-12-07,1054.52,returned
12123,166,2025-10-22,3783.32,completed
12124,221,2025-12-08,1595.9,completed
12125,417,2025-07-13,579.14,completed
12126,372,2025-07-19,658.8,completed
12127,386,2025-10-14,2870.74,completed
12128,119,2025-08-14,2413.0,completed
12129,423,2025-06-09,1118.46,completed
12130,415,2025-04-17,804.51,completed
12131,232,2025-06-27,2410.17,completed
12132,273,2025-01-24,547.12,completed
12133,19,2025-03-12,1442.92,completed
12134,381,2025-09-27,5382.25,completed
12135,481,2025-11-13,1266.17,completed
12136,237,2025-02-07,637.19,completed
12137,271,2025-02-05,1461.56,cancelled
12138,250,2025-02-01,789.18,completed
12139,42,2025-10-16,413.28,cancelled
12140,310,2025-04-24,1791.35,completed
12141,361,2025-04-30,2398.22,cancelled
12142,464,2025-01-05,882.15,completed
12143,465,2025-12-21,842.13,completed
12144,246,2025-06-08,559.42,completed
12145,480,2025-10-19,987.37,completed
12146,265,2025-09-16,739.77,cancelled
12147,322,2025-02-21,540.38,completed
12148,301,2025-10-20,4123.75,completed
12149,500,2025-07-20,1520.12,completed
12150,369,2025-08-09,1637.09,completed
12151,61,2025-03-15,2035.26,completed
12152,36,2025-11-06,1881.31,cancelled
12153,205,2025-12-07,821.25,completed
12154,258,2025-05-29,1327.15,completed
12155,335,2025-02-03,908.39,completed
12156,241,2025-11-06,1490.59,returned
12157,258,2025-11-20,1392.96,completed
12158,461,2025-07-04,838.94,completed
12159,168,2025-07-31,432.46,cancelled
12160,247,2025-03-23,1214.84,completed
12161,279,2025-01-25,950.52,completed
12162,235,2025-12-11,292.0,completed
12163,485,2025-06-26,1564.57,completed
12164,482,2025-04-11,2155.42,returned
12165,257,2025-09-11,6437.2,cancelled
12166,226,2025-01-10,833.94,completed
12167,295,2025-01-30,752.12,returned
12168,91,2025-03-30,504.42,completed
12169,213,2025-06-14,1269.08,cancelled
12170,109,2025-05-14,1263.48,completed
12171,73,2025-03-10,621.47,completed
12172,48,2025-05-09,970.25,completed
12173,294,2025-05-02,274.5,completed
12174,1,2025-07-11,2097.42,completed
12175,324,2025-07-25,639.4,completed
12176,216,2025-11-19,1070.35,completed
12177,184,2025-10-22,403.96,completed
12178,385,2025-04-17,729.49,completed
12179,270,2025-11-26,901.7,completed
12180,367,2025-07-10,1088.0,completed
12181,355,2025-03-10,1534.27,cancelled
12182,17,2025-05-05,3002.96,completed
12183,108,2025-09-28,1831.51,returned
12184,285,2025-10-27,2150.63,cancelled
12185,488,2025-05-17,3017.77,completed
12186,78,2025-02-27,1634.02,completed
12187,53,2025-03-12,1068.81,completed
12188,471,2025-02-07,2222.48,cancelled
12189,484,2025-09-13,2324.14,completed
12190,84,2025-07-03,1726.75,returned
12191,201,2025-06-14,396.14,cancelled
12192,314,2025-09-03,608.49,completed
12193,98,2025-10-30,904.7,completed
12194,164,2025-10-18,1892.65,completed
12195,198,2025-02-20,1080.37,completed
12196,321,2025-08-04,2430.39,cancelled
12197,155,2025-11-19,2753.6,completed
12198,207,2025-10-10,2538.73,completed
12199,145,2025-05-01,2550.08,completed
12200,380,2025-05-24,530.65,cancelled
12201,77,2025-11-21,1537.4,completed
12202,116,2025-01-12,716.75,cancelled
12203,125,2025-07-11,345.73,completed
12204,453,2025-02-12,896.74,completed
12205,473,2025-11-23,2771.98,cancelled
12206,251,2025-01-15,1514.01,completed
12207,79,2025-01-09,4502.85,completed
12208,379,2025-05-01,1241.48,completed
12209,247,2025-03-15,6084.27,completed
12210,425,2025-06-30,1241.73,completed
12211,180,2025-04-20,1114.03,completed
12212,500,2025-05-11,447.84,completed
12213,404,2025-07-26,2386.05,completed
12214,112,2025-07-24,771.64,completed
12215,363,2025-12-08,697.2,completed
12216,144,2025-06-25,2688.83,completed
12217,175,2025-07-25,2466.99,returned
12218,126,2025-09-05,2422.21,completed
12219,342,2025-03-05,851.05,completed
12220,132,2025-09-01,1058.19,completed
12221,320,2025-11-11,1051.64,cancelled
12222,292,2025-04-27,1896.5,cancelled
12223,376,2025-03-07,3253.53,cancelled
12224,497,2025-05-07,1418.99,cancelled
12225,5,2025-04-11,4369.59,completed
12226,496,2025-08-02,2055.01,returned
12227,55,2025-11-12,930.42,completed
12228,264,2025-08-06,1958.82,cancelled
12229,171,2025-02-15,3619.74,cancelled
12230,320,2025-04-25,4441.74,cancelled
12231,361,2025-09-09,2517.0,completed
12232,430,2025-05-01,1116.52,cancelled
12233,201,2025-08-03,942.29,completed
12234,467,2025-09-11,1641.31,completed
12235,162,2025-05-01,3539.65,completed
12236,102,2025-08-25,1485.7,completed
12237,190,2025-05-26,1507.45,completed
12238,265,2025-02-19,1136.81,completed
12239,335,2025-05-16,871.73,completed
12240,417,2025-06-10,978.97,completed
12241,113,2025-01-01,1205.68,completed
12242,152,2025-11-22,3650.68,completed
12243,470,2025-07-12,927.23,completed
12244,220,2025-01-14,1137.77,completed
12245,121,2025-11-13,598.39,cancelled
12246,493,2025-11-09,1811.01,completed
12247,225,2025-01-05,2854.57,completed
12248,493,2025-03-01,3419.15,completed
12249,460,2025-05-13,1264.4,completed
12250,454,2025-07-05,1639.34,completed
12251,291,2025-09-22,984.88,completed
12252,400,2025-06-04,1587.02,completed
12253,481,2025-08-12,1366.18,completed
12254,135,2025-01-04,1142.28,completed
12255,19,2025-08-29,1207.65,completed
12256,161,2025-12-01,1504.7,cancelled
12257,319,2025-07-12,892.56,completed
12258,274,2025-06-16,925.42,completed
12259,41,2025-04-19,3623.35,completed
12260,281,2025-12-15,7312.81,completed
12261,88,2025-01-13,471.98,completed
12262,253,2025-04-15,454.12,completed
12263,288,2025-02-20,561.15,completed
12264,319,2025-11-13,1020.14,completed
12265,207,2025-06-26,2052.98,completed
12266,205,2025-12-03,1658.85,completed
12267,340,2025-08-31,1236.97,completed
12268,375,2025-07-23,1588.04,returned
12269,404,2025-07-08,675.56,completed
12270,167,2025-03-15,924.37,completed
12271,213,2025-07-25,1081.32,completed
12272,166,2025-09-08,361.78,completed
12273,264,2025-12-19,486.43,completed
12274,64,2025-07-20,500.15,completed
12275,216,2025-12-09,1872.21,completed
12276,95,2025-12-11,1302.12,completed
12277,267,2025-07-10,1682.01,cancelled
12278,426,2025-06-10,302.55,completed
12279,493,2025-02-22,388.19,returned
12280,224,2025-04-09,1744.55,completed
12281,29,2025-11-17,156.79,completed
12282,114,2025-02-20,2584.38,completed
12283,53,2025-05-25,306.03,completed
12284,380,2025-09-13,1978.99,cancelled
12285,493,2025-03-29,588.74,completed
12286,277,2025-12-22,2285.25,completed
12287,89,2025-08-26,10360.05,completed
12288,11,2025-01-11,223.36,cancelled
12289,489,2025-04-01,1784.27,completed
12290,159,2025-09-28,309.29,returned
12291,57,2025-11-12,1478.43,cancelled
12292,89,2025-12-05,948.86,completed
12293,128,2025-11-07,1200.93,cancelled
12294,328,2025-01-28,579.3,returned
12295,446,2025-09-24,1893.87,completed
12296,138,2025-02-10,397.88,completed
12297,344,2025-01-28,2615.33,completed
12298,33,2025-09-10,823.47,completed
12299,6,2025-06-24,410.8,completed
12300,28,2025-08-25,3349.13,completed
12301,462,2025-11-07,1046.14,completed
12302,291,2025-01-26,4168.64,completed
12303,403,2025-07-12,2578.46,completed
12304,11,2025-11-01,627.22,completed
12305,12,2025-06-10,1033.29,completed
12306,425,2025-07-11,1193.6,completed
12307,52,2025-07-01,3192.03,completed
12308,78,2025-11-28,1489.6,completed
12309,260,2025-01-19,1240.67,completed
12310,304,2025-11-17,953.45,returned
12311,115,2025-10-25,1058.5,completed
12312,223,2025-10-24,2733.16,completed
12313,338,2025-05-31,1099.48,completed
12314,222,2025-07-08,831.73,completed
12315,192,2025-05-15,738.67,completed
12316,36,2025-04-02,744.24,completed
12317,226,2025-11-16,410.98,completed
12318,402,2025-07-04,648.55,completed
12319,314,2025-09-22,3130.33,completed
12320,447,2025-02-06,948.97,completed
12321,64,2025-10-15,1795.59,completed
12322,6,2025-08-29,193.42,returned
12323,275,2025-12-31,1632.42,completed
12324,90,2025-02-18,979.51,cancelled
12325,297,2025-07-17,782.89,completed
12326,452,2025-07-06,1244.73,completed
12327,169,2025-07-16,775.05,completed
12328,275,2025-01-20,247.96,completed
12329,341,2025-06-22,2091.37,completed
12330,76,2025-04-20,1299.99,cancelled
12331,449,2025-08-14,880.28,completed
12332,102,2025-03-26,557.62,completed
12333,405,2025-06-08,391.94,completed
12334,330,2025-08-15,1282.7,completed
12335,71,2025-01-24,3392.79,completed
12336,363,2025-10-15,1264.23,completed
12337,99,2025-09-19,416.58,completed
12338,300,2025-01-21,1283.8,completed
12339,480,2025-01-24,1056.44,completed
12340,477,2025-11-07,2007.87,completed
12341,436,2025-04-14,1676.92,completed
12342,248,2025-11-11,135.63,completed
12343,280,2025-07-02,1606.27,cancelled
12344,151,2025-05-05,543.25,returned
12345,461,2025-04-10,405.37,completed
12346,239,2025-08-29,961.09,completed
12347,386,2025-02-10,1462.17,completed
12348,180,2025-05-27,347.75,completed
12349,371,2025-05-07,1795.8,completed
12350,113,2025-02-26,1871.2,completed
12351,367,2025-05-09,1133.29,completed
12352,23,2025-07-12,597.45,returned
12353,53,2025-09-05,552.49,completed
12354,177,2025-02-01,2248.8,returned
12355,242,2025-11-15,380.75,completed
12356,356,2025-11-17,2310.29,completed
12357,180,2025-09-10,976.88,completed
12358,10,2025-12-04,1025.48,completed
12359,163,2025-06-06,331.74,completed
12360,220,2025-10-27,989.6,completed
12361,272,2025-09-23,1684.98,completed
12362,323,2025-07-25,430.31,completed
12363,124,2025-03-07,1554.71,completed
12364,306,2025-07-23,1167.14,completed
12365,316,2025-11-25,698.8,completed
12366,389,2025-12-26,1994.74,completed
12367,262,2025-06-13,234.73,completed
12368,406,2025-04-01,1397.83,completed
12369,111,2025-09-30,3407.06,completed
12370,356,2025-01-28,3004.78,returned
12371,23,2025-02-25,1440.67,completed
12372,52,2025-07-25,887.87,completed
12373,433,2025-12-28,702.71,completed
12374,238,2025-05-01,887.09,cancelled
12375,311,2025-06-11,1604.66,completed
12376,302,2025-04-28,623.24,completed
12377,348,2025-06-10,1863.47,completed
12378,123,2025-01-03,4881.52,completed
12379,90,2025-08-06,1050.14,returned
12380,22,2025-08-06,427.91,completed
12381,433,2025-04-26,427.81,completed
12382,112,2025-04-07,1888.61,completed
12383,288,2025-10-05,1051.72,completed
12384,228,2025-03-10,2025.92,completed
12385,82,2025-01-18,754.8,returned
12386,207,2025-01-15,1961.44,returned
12387,42,2025-11-18,981.61,cancelled
12388,89,2025-05-13,656.71,completed
12389,70,2025-02-07,828.24,returned
12390,413,2025-11-17,474.41,completed
12391,284,2025-02-24,4414.07,completed
12392,463,2025-05-03,1025.09,completed
12393,218,2025-01-08,1721.86,completed
12394,101,2025-09-05,753.1,cancelled
12395,305,2025-09-13,525.13,returned
12396,465,2025-10-04,931.02,completed
12397,267,2025-04-07,2370.45,cancelled
12398,9,2025-04-30,761.65,completed
12399,152,2025-12-09,596.23,completed
12400,463,2025-10-27,1222.71,cancelled
12401,260,2025-01-14,1555.13,completed
12402,476,2025-09-10,3463.36,cancelled
12403,255,2025-10-24,1404.77,completed
12404,7,2025-07-24,1721.23,completed
12405,437,2025-08-22,1814.37,completed
12406,382,2025-01-01,489.26,completed
12407,358,2025-01-11,558.73,cancelled
12408,486,2025-01-13,513.51,returned
12409,99,2025-02-28,431.6,completed
12410,453,2025-12-28,1913.75,completed
12411,117,2025-08-20,1343.5,completed
12412,486,2025-10-13,1159.39,completed
12413,96,2025-04-18,178.59,completed
12414,276,2025-12-09,4623.16,completed
12415,395,2025-03-14,586.4,completed
12416,40,2025-11-26,4611.32,completed
12417,34,2025-01-12,397.63,completed
12418,425,2025-01-08,620.99,cancelled
12419,31,2025-01-29,234.63,completed
12420,307,2025-10-17,1413.02,completed
12421,470,2025-04-04,507.31,completed
12422,308,2025-06-14,517.44,completed
12423,241,2025-06-22,419.57,cancelled
12424,209,2025-10-16,1889.65,completed
12425,320,2025-05-08,1804.47,completed
12426,286,2025-01-03,3898.8,cancelled
12427,251,2025-05-22,678.58,completed
12428,77,2025-04-16,1278.16,completed
12429,332,2025-09-24,444.73,returned
12430,370,2025-10-02,867.38,completed
12431,355,2025-02-03,762.66,completed
12432,38,2025-10-17,1517.95,cancelled
12433,352,2025-01-26,2234.82,completed
12434,365,2025-08-15,2194.58,completed
12435,92,2025-05-23,607.91,completed
12436,425,2025-04-20,2205.98,cancelled
12437,262,2025-06-26,1063.31,cancelled
12438,237,2025-04-24,873.74,cancelled
12439,362,2025-10-17,667.84,completed
12440,255,2025-12-19,741.03,completed
12441,273,2025-10-25,3713.09,cancelled
12442,157,2025-06-10,1359.93,completed
12443,464,2025-07-03,1239.21,completed
12444,485,2025-06-13,912.72,completed
12445,66,2025-10-17,6076.51,cancelled
12446,367,2025-07-21,2733.96,completed
12447,12,2025-06-20,661.99,completed
12448,185,2025-05-30,905.48,cancelled
12449,485,2025-05-17,943.91,returned
12450,88,2025-07-21,1214.53,returned
12451,189,2025-09-09,671.25,completed
12452,110,2025-06-07,1490.95,completed
12453,365,2025-10-22,3030.44,completed
12454,232,2025-10-29,437.23,completed
12455,297,2025-06-06,497.85,cancelled
12456,472,2025-11-28,781.95,completed
12457,261,2025-03-05,807.74,completed
12458,368,2025-12-07,4442.29,completed
12459,49,2025-04-18,2210.99,completed
12460,108,2025-07-25,2123.93,cancelled
12461,474,2025-04-14,911.37,completed
12462,430,2025-06-11,897.47,completed
12463,329,2025-05-05,396.95,completed
12464,190,2025-09-15,1895.46,completed
12465,100,2025-01-30,1546.48,completed
12466,426,2025-11-02,2697.82,returned
12467,393,2025-11-26,946.17,completed
12468,121,2025-07-25,993.02,completed
12469,295,2025-07-19,1235.25,cancelled
12470,310,2025-09-13,2047.4,completed
12471,239,2025-03-14,391.84,completed
12472,464,2025-10-01,1835.81,completed
12473,63,2025-03-21,1081.01,completed
12474,129,2025-09-04,522.67,completed
12475,48,2025-04-22,254.88,cancelled
12476,347,2025-09-30,996.72,cancelled
12477,323,2025-10-16,3021.17,completed
12478,494,2025-03-18,3541.41,completed
12479,272,2025-08-14,1406.36,completed
12480,76,2025-07-01,4330.35,completed
12481,226,2025-04-18,1064.16,completed
12482,45,2025-08-03,2137.33,completed
12483,336,2025-12-29,799.62,completed
12484,338,2025-01-01,764.93,returned
12485,429,2025-12-16,682.49,cancelled
12486,170,2025-11-09,259.21,completed
12487,156,2025-07-13,2699.89,completed
12488,36,2025-08-11,699.84,completed
12489,208,2025-05-15,625.78,completed
12490,238,2025-02-17,480.11,completed
12491,378,2025-07-28,950.46,completed
12492,377,2025-10-25,3768.55,completed
12493,71,2025-03-26,4748.79,completed
12494,143,2025-09-19,342.88,completed
12495,256,2025-10-01,855.67,completed
12496,168,2025-10-04,531.63,completed
12497,13,2025-05-05,2190.39,completed
12498,423,2025-05-24,1340.26,completed
12499,366,2025-06-01,702.33,completed
12500,261,2025-11-08,1153.78,completed
12501,159,2025-11-25,785.1,completed
12502,422,2025-06-01,3394.71,completed
12503,18,2025-12-21,1608.2,completed
12504,224,2025-07-28,1752.64,cancelled
12505,401,2025-05-21,169.55,completed
12506,477,2025-01-01,1046.54,completed
12507,126,2025-08-12,4713.79,completed
12508,326,2025-08-24,2774.68,completed
12509,95,2025-12-20,300.98,completed
12510,58,2025-09-20,880.6,completed
12511,177,2025-01-11,472.92,cancelled
12512,443,2025-07-26,3632.84,completed
12513,345,2025-09-29,1301.14,completed
12514,245,2025-07-01,640.69,completed
12515,142,2025-06-06,1123.17,completed
12516,71,2025-10-23,176.77,cancelled
12517,136,2025-08-12,513.13,completed
12518,77,2025-09-06,1124.97,completed
12519,94,2025-06-19,1982.22,completed
12520,344,2025-04-12,281.77,completed
12521,67,2025-07-09,839.82,completed
12522,24,2025-12-17,2223.37,completed
12523,272,2025-08-08,397.02,completed
12524,144,2025-09-16,1287.46,completed
12525,228,2025-02-15,1148.47,returned
12526,70,2025-12-27,3641.19,completed
12527,105,2025-03-31,933.47,completed
12528,221,2025-12-21,972.51,completed
12529,346,2025-06-12,1995.14,completed
12530,208,2025-12-02,433.35,completed
12531,271,2025-11-22,939.53,completed
12532,261,2025-10-03,797.11,completed
12533,135,2025-12-01,995.02,completed
12534,140,2025-08-11,1986.01,completed
12535,213,2025-11-06,1616.33,completed
12536,17,2025-03-04,649.32,cancelled
12537,343,2025-01-26,1206.75,completed
12538,308,2025-07-18,3112.9,completed
12539,154,2025-10-23,612.8,cancelled
12540,187,2025-10-07,1213.93,completed
12541,165,2025-07-12,957.94,completed
12542,326,2025-07-10,1049.32,returned
12543,380,2025-08-11,350.21,completed
12544,55,2025-11-13,2944.03,completed
12545,207,2025-11-04,637.75,returned
12546,7,2025-02-10,2249.02,completed
12547,227,2025-08-06,709.84,completed
12548,125,2025-05-20,707.79,completed
12549,168,2025-10-19,2563.65,completed
12550,229,2025-07-04,2198.91,completed
12551,162,2025-12-28,1269.1,completed
12552,198,2025-06-07,1868.34,cancelled
12553,383,2025-09-05,896.07,completed
12554,406,2025-02-09,1090.23,completed
12555,3,2025-12-07,690.12,cancelled
12556,189,2025-02-26,2064.92,cancelled
12557,424,2025-05-19,674.93,completed
12558,266,2025-11-02,3101.4,completed
12559,103,2025-12-20,879.12,completed
12560,297,2025-06-26,1112.49,cancelled
12561,73,2025-06-26,1865.17,completed
12562,11,2025-01-18,1115.11,completed
12563,317,2025-12-24,890.22,completed
12564,258,2025-01-07,1073.83,completed
12565,379,2025-01-10,2050.16,completed
12566,173,2025-06-22,689.53,cancelled
12567,428,2025-01-02,1003.89,cancelled
12568,211,2025-03-01,1104.56,completed
12569,370,2025-08-18,2008.63,completed
12570,51,2025-09-15,1022.6,completed
12571,49,2025-04-19,3888.62,completed
12572,392,2025-10-18,982.82,completed
12573,417,2025-08-10,928.55,completed
12574,472,2025-03-25,972.9,completed
12575,163,2025-09-18,436.31,completed
12576,12,2025-08-05,530.75,completed
12577,490,2025-10-24,756.37,completed
12578,301,2025-02-26,2428.63,completed
12579,124,2025-03-26,1071.5,completed
12580,382,2025-04-21,781.14,completed
12581,452,2025-05-05,2587.83,completed
12582,143,2025-11-21,3248.1,returned
12583,385,2025-09-25,2640.62,cancelled
12584,394,2025-07-18,603.55,completed
12585,251,2025-07-17,775.36,completed
12586,317,2025-11-20,3903.45,completed
12587,135,2025-06-13,1298.28,completed
12588,465,2025-03-24,909.29,returned
12589,492,2025-02-19,1813.19,completed
12590,491,2025-05-01,2219.66,completed
12591,369,2025-08-27,735.08,completed
12592,22,2025-06-21,1278.71,completed
12593,184,2025-06-03,2097.69,completed
12594,223,2025-06-25,486.77,cancelled
12595,480,2025-12-22,1106.15,completed
12596,274,2025-12-31,502.67,completed
12597,269,2025-02-28,550.87,completed
12598,74,2025-02-11,739.39,cancelled
12599,397,2025-03-31,1531.47,completed
12600,169,2025-11-07,875.32,completed
12601,46,2025-06-17,696.53,completed
12602,494,2025-11-12,1136.93,completed
12603,96,2025-08-25,491.33,completed
12604,9,2025-07-21,1480.54,completed
12605,39,2025-04-13,2421.08,completed
12606,227,2025-05-06,1037.49,completed
12607,52,2025-02-23,951.6,completed
12608,422,2025-07-09,1424.26,completed
12609,257,2025-04-13,265.09,completed
12610,162,2025-04-17,1596.82,returned
12611,2,2025-01-15,9617.31,completed
12612,240,2025-10-19,1006.39,completed
12613,76,2025-12-09,1008.9,completed
12614,490,2025-07-01,1845.54,completed
12615,146,2025-07-15,3469.39,completed
12616,238,2025-12-04,2169.99,completed
12617,10,2025-07-06,242.52,completed
12618,66,2025-08-16,1626.81,completed
12619,104,2025-06-06,6636.57,returned
12620,26,2025-07-07,1695.46,completed
12621,363,2025-07-10,488.71,cancelled
12622,473,2025-09-17,1335.79,completed
12623,493,2025-08-09,447.43,completed
12624,133,2025-07-03,2599.21,completed
12625,395,2025-01-28,561.65,completed
12626,253,2025-11-27,1155.13,completed
12627,23,2025-11-21,601.58,completed
12628,46,2025-03-09,748.06,returned
12629,274,2025-04-18,3103.56,cancelled
12630,212,2025-12-22,1179.0,completed
12631,5,2025-04-28,741.41,completed
12632,466,2025-10-24,491.93,completed
12633,366,2025-10-14,295.84,returned
12634,252,2025-11-11,456.74,completed
12635,494,2025-01-06,1186.04,completed
12636,486,2025-06-26,2178.0,completed
12637,487,2025-07-26,740.82,completed
12638,130,2025-11-02,3292.43,completed
12639,441,2025-03-23,663.65,completed
12640,253,2025-04-22,928.33,completed
12641,364,2025-03-07,515.07,completed
12642,430,2025-10-06,2194.11,completed
12643,82,2025-12-31,4761.21,completed
12644,225,2025-02-21,319.49,returned
12645,65,2025-03-27,860.65,completed
12646,140,2025-04-23,2658.04,completed
12647,207,2025-11-21,398.27,completed
12648,428,2025-06-12,1630.56,completed
12649,432,2025-04-13,2578.67,returned
12650,195,2025-04-28,1158.36,completed
12651,165,2025-08-07,1611.92,returned
12652,266,2025-05-22,3761.72,completed
12653,456,2025-02-21,4289.38,completed
12654,489,2025-10-27,1050.08,completed
12655,114,2025-06-04,755.47,completed
12656,94,2025-04-04,575.95,completed
12657,354,2025-09-23,2173.02,returned
12658,151,2025-09-30,419.79,cancelled
12659,100,2025-02-26,918.92,completed
12660,16,2025-01-27,1178.36,returned
12661,202,2025-01-17,771.16,cancelled
12662,196,2025-10-07,1333.92,completed
12663,282,2025-08-17,6602.21,completed
12664,101,2025-10-17,1007.15,completed
12665,358,2025-08-17,808.53,completed
12666,341,2025-05-27,2232.18,completed
12667,232,2025-08-04,1296.87,returned
12668,91,2025-09-21,3003.5,completed
12669,254,2025-05-26,1230.63,completed
12670,338,2025-12-01,921.59,completed
12671,187,2025-11-25,314.63,completed
12672,132,2025-10-20,352.9,completed
12673,254,2025-12-29,303.39,completed
12674,178,2025-05-23,1430.15,completed
12675,201,2025-02-11,422.6,completed
12676,175,2025-06-26,2640.98,completed
12677,152,2025-09-30,1120.1,completed
12678,359,2025-10-12,924.33,completed
12679,231,2025-05-22,607.47,completed
12680,234,2025-04-17,1695.24,completed
12681,327,2025-06-12,624.44,completed
12682,181,2025-10-21,550.17,cancelled
12683,51,2025-01-23,2519.57,completed
12684,427,2025-04-30,1405.62,returned
12685,28,2025-03-25,930.34,cancelled
12686,286,2025-10-22,1718.15,completed
12687,133,2025-06-21,1103.51,completed
12688,107,2025-02-01,1433.84,completed
12689,21,2025-04-06,619.06,cancelled
12690,451,2025-01-17,4671.7,completed
12691,215,2025-06-23,730.89,completed
12692,172,2025-12-31,3259.12,completed
12693,371,2025-07-27,960.82,completed
12694,20,2025-11-14,1929.41,completed
12695,283,2025-09-29,1833.45,completed
12696,248,2025-11-19,2447.44,completed
12697,277,2025-04-24,608.84,cancelled
12698,62,2025-12-14,2328.42,completed
12699,477,2025-03-29,3993.84,completed
12700,120,2025-06-09,914.99,completed
12701,340,2025-09-06,1123.6,returned
12702,374,2025-04-15,760.2,completed
12703,172,2025-04-07,860.48,cancelled
12704,66,2025-02-17,3633.66,completed
12705,149,2025-01-02,542.96,cancelled
12706,404,2025-07-02,567.09,completed
12707,454,2025-12-27,3386.77,completed
12708,469,2025-03-22,1697.96,completed
12709,114,2025-06-10,4838.01,returned
12710,304,2025-12-08,800.06,returned
12711,76,2025-10-09,1197.99,completed
12712,356,2025-01-02,690.58,completed
12713,208,2025-07-02,1212.34,completed
12714,357,2025-02-22,316.76,completed
12715,343,2025-04-01,1771.3,completed
12716,497,2025-03-31,1375.31,completed
12717,245,2025-08-12,1053.33,completed
12718,171,2025-03-14,834.43,completed
12719,264,2025-04-02,586.21,cancelled
12720,82,2025-03-24,1825.12,completed
12721,56,2025-05-11,483.11,completed
12722,260,2025-08-28,1569.21,completed
12723,413,2025-05-26,4684.98,completed
12724,267,2025-04-30,3102.19,completed
12725,391,2025-07-08,382.38,completed
12726,89,2025-08-13,753.16,completed
12727,225,2025-01-06,1472.94,completed
12728,307,2025-11-21,1043.99,completed
12729,174,2025-12-01,411.75,completed
12730,8,2025-08-08,1436.15,completed
12731,37,2025-07-29,1088.97,completed
12732,464,2025-09-11,4188.21,completed
12733,303,2025-06-10,918.5,completed
12734,133,2025-05-14,2483.94,completed
12735,130,2025-05-09,451.71,completed
12736,20,2025-02-28,534.0,cancelled
12737,473,2025-11-04,1817.4,completed
12738,55,2025-04-28,2341.65,completed
12739,380,2025-04-14,561.06,completed
12740,121,2025-12-18,1115.27,completed
12741,168,2025-07-04,416.92,completed
12742,137,2025-08-15,965.98,completed
12743,413,2025-03-31,1970.11,completed
12744,17,2025-04-12,808.78,completed
12745,177,2025-09-23,921.2,completed
12746,140,2025-06-14,497.28,completed
12747,137,2025-02-23,696.56,completed
12748,97,2025-11-01,3754.38,completed
12749,457,2025-05-28,1154.07,completed
12750,190,2025-09-01,543.69,completed
12751,210,2025-05-05,879.77,completed
12752,193,2025-07-24,358.45,cancelled
12753,491,2025-10-11,539.2,cancelled
12754,170,2025-11-20,2841.93,cancelled
12755,171,2025-03-17,992.54,completed
12756,164,2025-09-03,4119.6,completed
12757,164,2025-11-30,1025.83,completed
12758,45,2025-08-23,1069.36,completed
12759,303,2025-02-22,1717.5,completed
12760,13,2025-03-11,168.88,completed
12761,113,2025-03-16,1265.8,cancelled
12762,102,2025-02-08,1059.67,completed
12763,146,2025-10-03,3103.32,completed
12764,379,2025-12-19,2154.42,completed
12765,300,2025-07-08,495.92,completed
12766,496,2025-08-07,2616.25,completed
12767,176,2025-10-10,912.67,completed
12768,465,2025-06-01,582.24,completed
12769,23,2025-06-22,1258.87,completed
12770,253,2025-08-03,951.52,completed
12771,400,2025-04-22,3219.32,completed
12772,266,2025-01-23,1391.91,completed
12773,467,2025-07-27,1266.44,completed
12774,158,2025-10-28,2059.98,returned
12775,17,2025-01-27,2356.68,completed
12776,387,2025-03-21,1897.94,completed
12777,35,2025-04-06,2962.01,returned
12778,383,2025-10-21,1679.21,completed
12779,367,2025-07-04,1233.19,returned
12780,423,2025-07-15,2610.82,completed
12781,240,2025-08-24,1029.03,completed
12782,448,2025-04-11,1122.45,completed
12783,85,2025-09-18,3659.58,completed
12784,218,2025-01-12,3413.0,completed
12785,61,2025-02-11,1090.37,completed
12786,384,2025-10-25,798.32,completed
12787,358,2025-08-29,3054.04,completed
12788,404,2025-03-06,1920.41,completed
12789,383,2025-06-10,1367.73,completed
12790,155,2025-01-19,875.41,completed
12791,35,2025-09-03,1383.25,returned
12792,465,2025-10-03,1080.09,completed
12793,247,2025-04-12,688.81,cancelled
12794,48,2025-05-08,1200.3,completed
12795,464,2025-03-28,1320.54,completed
12796,498,2025-05-23,843.22,completed
12797,223,2025-04-10,2064.57,returned
12798,386,2025-04-01,2703.18,completed
12799,19,2025-06-07,2162.3,cancelled
12800,47,2025-11-10,903.82,returned
12801,139,2025-10-06,1861.38,completed
12802,329,2025-04-19,1158.14,completed
12803,67,2025-12-11,461.73,completed
12804,18,2025-03-18,1756.21,completed
12805,335,2025-11-29,1214.75,completed
12806,386,2025-04-23,6737.77,cancelled
12807,370,2025-07-17,3041.45,completed
12808,400,2025-03-16,1804.08,completed
12809,402,2025-10-06,1305.6,completed
12810,302,2025-04-26,1229.8,completed
12811,260,2025-11-15,543.17,cancelled
12812,429,2025-01-31,324.64,completed
12813,175,2025-07-03,595.39,cancelled
12814,49,2025-02-27,1060.61,completed
12815,376,2025-11-21,251.17,completed
12816,138,2025-06-02,749.18,completed
12817,490,2025-09-04,922.12,completed
12818,208,2025-11-18,943.13,completed
12819,426,2025-07-15,690.07,cancelled
12820,22,2025-01-21,863.45,cancelled
12821,330,2025-03-22,3665.52,completed
12822,225,2025-03-19,1743.24,completed
12823,232,2025-11-30,740.84,cancelled
12824,133,2025-11-28,1045.4,cancelled
12825,486,2025-06-24,1075.11,completed
12826,197,2025-11-21,640.62,completed
12827,426,2025-03-31,640.09,returned
12828,213,2025-09-05,2224.68,completed
12829,25,2025-05-24,817.42,completed
12830,440,2025-03-29,509.64,completed
12831,93,2025-04-02,1064.01,completed
12832,136,2025-06-03,1191.07,cancelled
12833,431,2025-05-04,275.64,completed
12834,447,2025-03-19,1065.8,completed
12835,459,2025-05-02,2013.41,returned
12836,213,2025-02-16,1503.97,returned
12837,379,2025-12-20,5223.15,cancelled
12838,164,2025-05-19,2632.73,cancelled
12839,371,2025-02-09,3023.75,completed
12840,252,2025-07-30,7785.83,returned
12841,26,2025-11-19,1864.43,cancelled
12842,209,2025-05-12,1229.24,completed
12843,234,2025-11-05,2168.13,completed
12844,129,2025-08-11,741.4,completed
12845,188,2025-09-27,1182.49,completed
12846,252,2025-04-19,696.86,completed
12847,25,2025-01-14,1448.94,completed
12848,76,2025-05-07,694.83,completed
12849,384,2025-12-04,678.0,completed
12850,176,2025-10-16,1464.74,completed
12851,305,2025-10-14,995.86,returned
12852,283,2025-11-17,284.5,completed
12853,276,2025-05-17,395.88,completed
12854,207,2025-04-28,491.23,completed
12855,242,2025-12-04,591.06,cancelled
12856,412,2025-07-28,1465.71,cancelled
12857,483,2025-04-19,1278.26,completed
12858,129,2025-04-12,2311.6,completed
12859,335,2025-11-17,1857.45,completed
12860,485,2025-01-20,2322.34,completed
12861,4,2025-01-23,1678.87,completed
12862,393,2025-09-27,1270.0,completed
12863,249,2025-01-01,2367.4,completed
12864,484,2025-03-04,2087.22,completed
12865,290,2025-12-28,1426.91,completed
12866,420,2025-06-05,2669.78,completed
12867,84,2025-09-23,212.29,completed
12868,72,2025-06-27,894.87,completed
12869,464,2025-02-03,885.32,completed
12870,264,2025-03-09,2457.45,completed
12871,280,2025-10-05,3294.39,returned
12872,85,2025-02-04,397.37,completed
12873,114,2025-08-06,2944.86,completed
12874,410,2025-05-08,482.99,completed
12875,152,2025-05-16,493.32,completed
12876,293,2025-12-14,930.76,cancelled
12877,159,2025-08-10,877.66,cancelled
12878,132,2025-08-13,368.38,completed
12879,84,2025-05-08,1728.34,cancelled
12880,465,2025-05-20,1764.43,completed
12881,471,2025-09-08,2293.49,cancelled
12882,58,2025-01-15,809.63,cancelled
12883,177,2025-03-28,1066.66,completed
12884,282,2025-08-08,1073.52,completed
12885,192,2025-08-16,3574.56,completed
12886,361,2025-02-03,150.81,completed
12887,131,2025-10-15,561.23,cancelled
12888,30,2025-07-18,1100.89,completed
12889,169,2025-03-28,512.91,completed
12890,299,2025-10-02,915.23,returned
12891,91,2025-12-28,1004.0,completed
12892,408,2025-06-04,692.02,completed
12893,7,2025-04-14,1147.26,completed
12894,34,2025-04-20,1702.25,cancelled
12895,255,2025-08-05,929.47,completed
12896,257,2025-01-18,798.52,completed
12897,148,2025-06-26,976.49,completed
12898,130,2025-01-10,1090.94,returned
12899,35,2025-01-15,324.33,completed
12900,332,2025-06-06,1514.87,completed
12901,190,2025-09-30,799.75,returned
12902,60,2025-11-19,2652.01,completed
12903,200,2025-02-01,1658.61,completed
12904,469,2025-03-31,2487.53,completed
12905,131,2025-06-03,540.39,completed
12906,448,2025-07-29,845.59,completed
12907,130,2025-12-27,459.56,completed
12908,93,2025-09-07,669.39,completed
12909,131,2025-07-16,2634.57,completed
12910,162,2025-01-23,3106.47,completed
12911,61,2025-01-30,490.93,completed
12912,294,2025-02-25,795.69,completed
12913,167,2025-08-30,1039.67,cancelled
12914,360,2025-05-01,1652.3,cancelled
12915,246,2025-03-29,319.94,completed
12916,222,2025-09-02,357.06,cancelled
12917,236,2025-10-25,1544.94,cancelled
12918,79,2025-06-10,280.25,completed
12919,357,2025-11-18,802.11,returned
12920,53,2025-09-25,1228.4,cancelled
12921,361,2025-09-19,1466.99,completed
12922,500,2025-11-13,993.07,completed
12923,382,2025-03-09,848.92,completed
12924,228,2025-10-04,1980.69,completed
12925,158,2025-12-16,1338.95,completed
12926,437,2025-12-29,697.21,completed
12927,129,2025-07-30,1125.98,completed
12928,242,2025-10-03,1433.99,completed
12929,386,2025-11-21,3651.04,cancelled
12930,462,2025-11-08,1901.55,completed
12931,461,2025-11-24,2566.22,completed
12932,44,2025-10-31,715.21,completed
12933,450,2025-05-20,759.81,completed
12934,58,2025-09-24,930.05,completed
12935,293,2025-05-30,991.78,completed
12936,465,2025-10-20,541.52,completed
12937,328,2025-10-23,2660.19,completed
12938,474,2025-12-08,2035.19,completed
12939,173,2025-08-03,885.39,completed
12940,158,2025-06-23,1718.48,completed
12941,164,2025-03-02,1281.81,completed
12942,178,2025-08-21,1815.07,completed
12943,342,2025-07-26,427.94,completed
12944,227,2025-07-07,990.33,completed
12945,369,2025-09-04,1052.97,completed
12946,209,2025-11-07,1696.88,completed
12947,154,2025-02-24,706.34,completed
12948,96,2025-06-07,190.58,cancelled
12949,276,2025-09-21,514.3,completed
12950,450,2025-10-27,1050.76,completed
12951,430,2025-10-12,1146.79,completed
12952,127,2025-10-19,3563.95,completed
12953,239,2025-11-09,1649.0,completed
12954,353,2025-12-18,1161.04,completed
12955,307,2025-08-10,1072.05,completed
12956,34,2025-04-01,2375.42,completed
12957,296,2025-07-25,725.54,completed
12958,20,2025-09-17,994.06,cancelled
12959,59,2025-02-06,511.59,completed
12960,327,2025-10-04,2960.86,completed
12961,52,2025-07-18,1443.39,completed
12962,170,2025-12-08,668.3,completed
12963,295,2025-03-19,1012.2,completed
12964,328,2025-11-28,1566.75,completed
12965,223,2025-06-13,920.11,completed
12966,48,2025-07-29,754.36,completed
12967,400,2025-08-29,693.68,completed
12968,475,2025-07-31,1390.3,completed
12969,445,2025-11-26,853.51,completed
12970,375,2025-03-03,798.21,completed
12971,202,2025-09-24,430.42,completed
12972,439,2025-12-22,1157.88,completed
12973,245,2025-03-22,965.98,completed
12974,69,2025-04-04,875.54,cancelled
12975,426,2025-06-23,1260.34,completed
12976,161,2025-09-22,1851.22,completed
12977,470,2025-12-17,1792.01,completed
12978,185,2025-10-18,1614.71,completed
12979,435,2025-10-17,926.61,completed
12980,269,2025-06-11,737.38,completed
12981,234,2025-08-24,528.09,completed
12982,149,2025-03-19,724.0,completed
12983,418,2025-06-19,1111.82,returned
12984,31,2025-03-10,632.45,completed
12985,235,2025-01-10,1172.91,completed
12986,185,2025-11-09,557.9,completed
12987,272,2025-10-21,342.85,completed
12988,128,2025-07-06,1946.1,cancelled
12989,333,2025-01-06,786.75,cancelled
12990,193,2025-02-02,610.38,cancelled
12991,95,2025-02-10,509.95,completed
12992,99,2025-09-19,1474.58,completed
12993,349,2025-03-16,2871.06,completed
12994,131,2025-04-02,827.04,completed
12995,154,2025-11-11,943.04,cancelled
12996,314,2025-11-16,2321.9,completed
12997,165,2025-10-06,308.8,completed
12998,195,2025-04-23,4345.12,completed
12999,123,2025-07-31,6068.52,cancelled
13000,173,2025-03-15,164.94,completed
